0;0;0;0;0;0;0;0;0;0;0;0;0;0;0;0;0;0;0;0;0;0;0;0;0;0;0;0;0;0;0;0;0;0;0;0;0;0;0;0;0;0;0;0;0;0;0;0;0;0;0;0;0;0;0;0;0;0;0;0;0;0;0;0;0;0;0;0;0;0;0;0;0;0;0;0;0;0;0;0;0
0;2.25984e-08;4.33764e-08;6.78454e-08;8.6877e-08;1.13243e-07;1.30626e-07;1.58893e-07;1.74747e-07;2.04897e-07;2.19364e-07;2.51358e-07;2.64601e-07;2.98381e-07;3.10581e-07;3.46071e-07;3.57426e-07;3.94536e-07;4.05259e-07;4.43888e-07;4.54203e-07;4.9424e-07;5.04381e-07;5.45707e-07;5.55915e-07;5.9841e-07;6.0893e-07;6.52472e-07;6.63551e-07;7.08021e-07;7.19904e-07;7.65191e-07;7.78119e-07;8.2412e-07;8.38327e-07;8.84952e-07;9.00666e-07;9.4784e-07;9.65278e-07;1.01294e-06;1.03231e-06;1.08043e-06;1.10192e-06;1.15049e-06;1.17428e-06;1.2233e-06;1.24957e-06;1.29909e-06;1.32799e-06;1.37808e-06;1.40975e-06;1.46052e-06;1.49511e-06;1.54669e-06;1.58433e-06;1.63691e-06;1.67775e-06;1.73154e-06;1.77573e-06;1.831e-06;1.8787e-06;1.93577e-06;1.98718e-06;2.04643e-06;2.10179e-06;2.16365e-06;2.22323e-06;2.2882e-06;2.35229e-06;2.4209e-06;2.48983e-06;2.56259e-06;2.63636e-06;2.71216e-06;2.78502e-06;2.84567e-06;2.86665e-06;2.7787e-06;2.35372e-06;1.50117e-06;0
0;4.33625e-08;9.042e-08;1.30212e-07;1.81041e-07;2.17433e-07;2.72065e-07;3.05276e-07;3.63695e-07;3.93986e-07;4.56135e-07;4.83812e-07;5.49593e-07;5.75e-07;6.4428e-07;6.67796e-07;7.40409e-07;7.62446e-07;8.382e-07;8.59195e-07;9.37875e-07;9.58287e-07;1.03966e-06;1.05997e-06;1.1438e-06;1.16449e-06;1.25054e-06;1.27209e-06;1.36012e-06;1.38304e-06;1.4728e-06;1.49757e-06;1.58886e-06;1.61596e-06;1.70858e-06;1.73847e-06;1.83226e-06;1.86538e-06;1.96021e-06;1.99698e-06;2.09275e-06;2.13358e-06;2.23025e-06;2.2755e-06;2.37306e-06;2.42309e-06;2.5216e-06;2.57674e-06;2.6763e-06;2.73685e-06;2.83765e-06;2.90389e-06;3.00617e-06;3.07838e-06;3.18246e-06;3.26092e-06;3.36719e-06;3.45219e-06;3.56113e-06;3.65298e-06;3.76519e-06;3.86425e-06;3.98042e-06;4.08712e-06;4.20807e-06;4.32292e-06;4.44959e-06;4.57315e-06;4.70655e-06;4.83946e-06;4.9807e-06;5.12365e-06;5.27351e-06;5.42493e-06;5.5752e-06;5.70532e-06;5.77205e-06;5.67601e-06;5.19726e-06;0.000463164;0
0;6.77979e-08;1.30142e-07;2.03544e-07;2.60656e-07;3.39744e-07;3.91916e-07;4.76699e-07;5.24291e-07;6.14716e-07;6.58155e-07;7.54104e-07;7.93876e-07;8.95176e-07;9.31825e-07;1.03825e-06;1.07237e-06;1.18365e-06;1.21588e-06;1.33171e-06;1.36272e-06;1.48277e-06;1.51326e-06;1.63717e-06;1.66786e-06;1.79528e-06;1.82691e-06;1.95746e-06;1.99077e-06;2.12411e-06;2.15983e-06;2.29561e-06;2.33447e-06;2.47239e-06;2.51509e-06;2.65488e-06;2.7021e-06;2.84353e-06;2.89592e-06;3.03883e-06;3.097e-06;3.24127e-06;3.30581e-06;3.45142e-06;3.52286e-06;3.66983e-06;3.74869e-06;3.89716e-06;3.9839e-06;4.13407e-06;4.22913e-06;4.38133e-06;4.48514e-06;4.63977e-06;4.75274e-06;4.91035e-06;5.0329e-06;5.19413e-06;5.32671e-06;5.49237e-06;5.63547e-06;5.80652e-06;5.96073e-06;6.1383e-06;6.30432e-06;6.48974e-06;6.66838e-06;6.86313e-06;7.0553e-06;7.26094e-06;7.46766e-06;7.68606e-06;7.9086e-06;8.14039e-06;8.37217e-06;8.58853e-06;8.735e-06;8.70844e-06;9.57554e-06;0.000773214;0
0;8.67377e-08;1.80851e-07;2.60461e-07;3.62104e-07;4.3493e-07;5.44163e-07;6.10639e-07;7.27433e-07;7.88084e-07;9.12323e-07;9.67758e-07;1.09925e-06;1.15016e-06;1.28863e-06;1.33577e-06;1.4809e-06;1.52509e-06;1.67648e-06;1.7186e-06;1.87584e-06;1.9168e-06;2.07942e-06;2.12017e-06;2.2877e-06;2.32922e-06;2.50117e-06;2.54443e-06;2.72032e-06;2.76632e-06;2.94568e-06;2.99538e-06;3.1778e-06;3.23215e-06;3.41722e-06;3.47715e-06;3.66456e-06;3.73095e-06;3.92043e-06;3.99412e-06;4.18548e-06;4.26728e-06;4.46042e-06;4.55107e-06;4.746e-06;4.84619e-06;5.04301e-06;5.1534e-06;5.35233e-06;5.47352e-06;5.67492e-06;5.80749e-06;6.01183e-06;6.15633e-06;6.36426e-06;6.52122e-06;6.73352e-06;6.90354e-06;7.12118e-06;7.30486e-06;7.529e-06;7.72707e-06;7.9591e-06;8.1724e-06;8.41396e-06;8.64351e-06;8.89649e-06;9.14345e-06;9.40988e-06;9.67548e-06;9.95757e-06;1.02436e-05;1.05448e-05;1.08547e-05;1.11771e-05;1.14965e-05;1.17601e-05;1.16253e-05;0.000735224;0.00117542;0
0;1.13006e-07;2.16946e-07;3.39268e-07;4.34512e-07;5.66285e-07;6.53319e-07;7.94562e-07;8.73985e-07;1.02461e-06;1.09713e-06;1.25694e-06;1.32337e-06;1.49207e-06;1.55332e-06;1.73054e-06;1.78759e-06;1.97289e-06;2.0268e-06;2.21966e-06;2.27155e-06;2.47143e-06;2.52247e-06;2.72877e-06;2.78017e-06;2.99228e-06;3.04526e-06;3.26259e-06;3.31836e-06;3.54032e-06;3.60012e-06;3.82615e-06;3.89118e-06;4.12076e-06;4.19219e-06;4.42487e-06;4.50383e-06;4.73925e-06;4.82682e-06;5.06469e-06;5.1619e-06;5.40204e-06;5.50984e-06;5.7522e-06;5.8715e-06;6.11613e-06;6.24776e-06;6.49487e-06;6.63963e-06;6.88958e-06;7.04818e-06;7.30149e-06;7.47464e-06;7.73199e-06;7.92037e-06;8.18266e-06;8.38697e-06;8.65528e-06;8.87625e-06;9.1519e-06;9.39035e-06;9.67494e-06;9.93183e-06;1.02272e-05;1.05037e-05;1.08122e-05;1.11097e-05;1.14336e-05;1.17536e-05;1.20957e-05;1.24397e-05;1.28031e-05;1.31752e-05;1.35689e-05;1.39827e-05;1.44266e-05;1.49262e-05;1.59369e-05;0.00112584;0.0014936;0
0;1.30138e-07;2.71304e-07;3.90788e-07;5.43211e-07;6.52553e-07;8.16326e-07;9.16178e-07;1.09126e-06;1.1824e-06;1.36862e-06;1.45197e-06;1.64903e-06;1.72562e-06;1.93312e-06;2.00409e-06;2.22154e-06;2.28811e-06;2.51494e-06;2.57842e-06;2.81398e-06;2.87575e-06;3.11937e-06;3.18084e-06;3.43179e-06;3.49443e-06;3.75199e-06;3.81726e-06;4.08071e-06;4.15008e-06;4.41873e-06;4.49366e-06;4.76687e-06;4.84879e-06;5.12598e-06;5.21626e-06;5.49693e-06;5.5969e-06;5.88066e-06;5.99158e-06;6.27815e-06;6.40121e-06;6.69046e-06;6.82677e-06;7.11868e-06;7.2693e-06;7.56403e-06;7.72991e-06;8.02781e-06;8.20986e-06;8.51144e-06;8.71051e-06;9.0165e-06;9.23341e-06;9.54474e-06;9.78031e-06;1.00982e-05;1.03532e-05;1.06791e-05;1.09546e-05;1.12901e-05;1.1587e-05;1.19343e-05;1.2254e-05;1.26155e-05;1.29595e-05;1.3338e-05;1.37081e-05;1.41068e-05;1.45046e-05;1.49264e-05;1.53541e-05;1.5805e-05;1.62744e-05;1.67818e-05;1.73378e-05;1.79149e-05;4.17077e-05;0.00139444;0.00173414;0
0;1.58227e-07;3.03813e-07;4.75034e-07;6.08495e-07;7.92895e-07;9.14911e-07;1.11252e-06;1.22393e-06;1.43462e-06;1.53641e-06;1.75991e-06;1.85322e-06;2.08913e-06;2.17522e-06;2.42302e-06;2.50327e-06;2.76233e-06;2.83822e-06;3.10783e-06;3.18093e-06;3.46032e-06;3.53226e-06;3.82061e-06;3.89306e-06;4.18953e-06;4.26421e-06;4.56795e-06;4.64656e-06;4.95676e-06;5.04102e-06;5.35688e-06;5.44847e-06;5.76929e-06;5.86983e-06;6.19499e-06;6.30607e-06;6.63504e-06;6.75816e-06;7.09055e-06;7.22714e-06;7.5627e-06;7.71411e-06;8.05274e-06;8.22023e-06;8.56203e-06;8.74675e-06;9.09202e-06;9.29506e-06;9.64428e-06;9.86667e-06;1.02206e-05;1.04633e-05;1.08228e-05;1.10867e-05;1.14531e-05;1.17393e-05;1.21141e-05;1.24234e-05;1.28084e-05;1.31421e-05;1.35395e-05;1.38989e-05;1.43113e-05;1.4698e-05;1.51286e-05;1.55445e-05;1.59969e-05;1.64443e-05;1.69217e-05;1.74021e-05;1.79076e-05;1.84245e-05;1.89728e-05;1.95636e-05;2.02448e-05;2.12183e-05;0.000870528;0.00168884;0.00193592;0
0;1.73578e-07;3.61791e-07;5.21228e-07;7.24385e-07;8.70366e-07;1.08859e-06;1.22198e-06;1.45521e-06;1.57706e-06;1.82507e-06;1.93659e-06;2.199e-06;2.30155e-06;2.57783e-06;2.67294e-06;2.96242e-06;3.05171e-06;3.35365e-06;3.43887e-06;3.7524e-06;3.83537e-06;4.15959e-06;4.2422e-06;4.57617e-06;4.66036e-06;5.00309e-06;5.09081e-06;5.44136e-06;5.53458e-06;5.89203e-06;5.99266e-06;6.35617e-06;6.46612e-06;6.8349e-06;6.956e-06;7.32941e-06;7.46341e-06;7.84092e-06;7.98951e-06;8.37076e-06;8.53551e-06;8.92029e-06;9.10268e-06;9.49101e-06;9.69242e-06;1.00845e-05;1.03062e-05;1.07025e-05;1.09457e-05;1.13468e-05;1.16127e-05;1.20197e-05;1.23092e-05;1.27233e-05;1.30376e-05;1.34603e-05;1.38005e-05;1.42337e-05;1.4601e-05;1.5047e-05;1.54428e-05;1.59043e-05;1.63302e-05;1.68105e-05;1.72685e-05;1.77716e-05;1.82643e-05;1.87943e-05;1.9324e-05;1.98839e-05;2.04503e-05;2.1042e-05;2.16545e-05;2.23187e-05;2.30509e-05;3.02828e-05;0.00131536;0.00191717;0.00209259;0
0;2.03469e-07;3.9077e-07;6.10858e-07;7.82655e-07;1.0196e-06;1.17677e-06;1.43061e-06;1.57422e-06;1.8448e-06;1.97612e-06;2.26309e-06;2.38358e-06;2.68643e-06;2.79771e-06;3.11576e-06;3.21959e-06;3.55206e-06;3.65035e-06;3.99631e-06;4.09106e-06;4.44954e-06;4.54284e-06;4.91278e-06;5.00678e-06;5.38711e-06;5.484e-06;5.87363e-06;5.97562e-06;6.3735e-06;6.48276e-06;6.88789e-06;7.00657e-06;7.41806e-06;7.54826e-06;7.96528e-06;8.10902e-06;8.53091e-06;8.69012e-06;9.11638e-06;9.29289e-06;9.7232e-06;9.91872e-06;1.0353e-05;1.05691e-05;1.10074e-05;1.12456e-05;1.16884e-05;1.19501e-05;1.23979e-05;1.26844e-05;1.31381e-05;1.34507e-05;1.39116e-05;1.42513e-05;1.4721e-05;1.50892e-05;1.55696e-05;1.59674e-05;1.64607e-05;1.68896e-05;1.73988e-05;1.78604e-05;1.83887e-05;1.88851e-05;1.94366e-05;1.99704e-05;2.05498e-05;2.11243e-05;2.17365e-05;2.23527e-05;2.29969e-05;2.36483e-05;2.43254e-05;2.50506e-05;2.58905e-05;0.000863976;0.00167706;0.00208835;0.00220755;0
0;2.17067e-07;4.52322e-07;6.51821e-07;9.05648e-07;1.08843e-06;1.36098e-06;1.52813e-06;1.81934e-06;1.97216e-06;2.28174e-06;2.42174e-06;2.74922e-06;2.87811e-06;3.22282e-06;3.34248e-06;3.70362e-06;3.81609e-06;4.1927e-06;4.30015e-06;4.69118e-06;4.79587e-06;5.2002e-06;5.3045e-06;5.72092e-06;5.82724e-06;6.25457e-06;6.36534e-06;6.80239e-06;6.92004e-06;7.36567e-06;7.49262e-06;7.94577e-06;8.08436e-06;8.54407e-06;8.69659e-06;9.16205e-06;9.33069e-06;9.80124e-06;9.98809e-06;1.04633e-05;1.06703e-05;1.11499e-05;1.13789e-05;1.18629e-05;1.21156e-05;1.26042e-05;1.28823e-05;1.33761e-05;1.36809e-05;1.41808e-05;1.45138e-05;1.50209e-05;1.53834e-05;1.58993e-05;1.62926e-05;1.68192e-05;1.72446e-05;1.77842e-05;1.82433e-05;1.87987e-05;1.9293e-05;1.98677e-05;2.03992e-05;2.0997e-05;2.15683e-05;2.21944e-05;2.2809e-05;2.34693e-05;2.41312e-05;2.48295e-05;2.55337e-05;2.62559e-05;2.69785e-05;2.77475e-05;3.15894e-05;0.00131338;0.00192709;0.00220813;0.00228706;0
0;2.48735e-07;4.77841e-07;7.46757e-07;9.57042e-07;1.24643e-06;1.43896e-06;1.74888e-06;1.92496e-06;2.2552e-06;2.41639e-06;2.76654e-06;2.91459e-06;3.28403e-06;3.42093e-06;3.80885e-06;3.93675e-06;4.34216e-06;4.46337e-06;4.8852e-06;5.00216e-06;5.43918e-06;5.55444e-06;6.00539e-06;6.12157e-06;6.58512e-06;6.70489e-06;7.17975e-06;7.30577e-06;7.79065e-06;7.92558e-06;8.41927e-06;8.56574e-06;9.06713e-06;9.22768e-06;9.7358e-06;9.91288e-06;1.04269e-05;1.06229e-05;1.11422e-05;1.13593e-05;1.18835e-05;1.21238e-05;1.26528e-05;1.29182e-05;1.34521e-05;1.37444e-05;1.42838e-05;1.46047e-05;1.51501e-05;1.55012e-05;1.60539e-05;1.64366e-05;1.6998e-05;1.74138e-05;1.79858e-05;1.8436e-05;1.90209e-05;1.95072e-05;2.01078e-05;2.06318e-05;2.12515e-05;2.1815e-05;2.24577e-05;2.30632e-05;2.37338e-05;2.43846e-05;2.50893e-05;2.57905e-05;2.65374e-05;2.72925e-05;2.80787e-05;2.88602e-05;2.96227e-05;3.02713e-05;0.000863469;0.00167684;0.00210181;0.00228851;0.00233935;0
0;2.60621e-07;5.4291e-07;7.82604e-07;1.08702e-06;1.30681e-06;1.63354e-06;1.83472e-06;2.18369e-06;2.36781e-06;2.73868e-06;2.90756e-06;3.29976e-06;3.45543e-06;3.86818e-06;4.0129e-06;4.44522e-06;4.58142e-06;5.03219e-06;5.16247e-06;5.63042e-06;5.75749e-06;6.24128e-06;6.36795e-06;6.86617e-06;6.99533e-06;7.50654e-06;7.64109e-06;8.16388e-06;8.30673e-06;8.83975e-06;8.99377e-06;9.53575e-06;9.70375e-06;1.02535e-05;1.04383e-05;1.09949e-05;1.11989e-05;1.17616e-05;1.19875e-05;1.25557e-05;1.28057e-05;1.33792e-05;1.36555e-05;1.42342e-05;1.45388e-05;1.51231e-05;1.5458e-05;1.60485e-05;1.64154e-05;1.7013e-05;1.74136e-05;1.80198e-05;1.84556e-05;1.90723e-05;1.95447e-05;2.01741e-05;2.06848e-05;2.13297e-05;2.18804e-05;2.2544e-05;2.31366e-05;2.38228e-05;2.44595e-05;2.51731e-05;2.58568e-05;2.66036e-05;2.7339e-05;2.81278e-05;2.8923e-05;2.97644e-05;3.06185e-05;3.14817e-05;3.23079e-05;3.45167e-05;0.00130889;0.001926;0.0022188;0.00234026;0.0023722;0
0;2.94033e-07;5.65052e-07;8.82749e-07;1.13171e-06;1.47342e-06;1.70157e-06;2.06736e-06;2.27624e-06;2.66588e-06;2.85732e-06;3.27031e-06;3.4464e-06;3.88201e-06;4.04506e-06;4.50235e-06;4.65491e-06;5.13273e-06;5.2775e-06;5.77457e-06;5.91444e-06;6.42934e-06;6.56729e-06;7.09853e-06;7.23765e-06;7.78368e-06;7.9271e-06;8.48639e-06;8.63726e-06;9.2083e-06;9.36974e-06;9.95111e-06;1.01262e-05;1.07166e-05;1.09083e-05;1.15066e-05;1.17179e-05;1.23231e-05;1.25566e-05;1.31681e-05;1.34265e-05;1.40437e-05;1.43294e-05;1.49522e-05;1.52675e-05;1.58961e-05;1.62431e-05;1.6878e-05;1.72587e-05;1.79007e-05;1.83169e-05;1.89674e-05;1.94207e-05;2.00815e-05;2.05736e-05;2.12467e-05;2.17793e-05;2.24675e-05;2.30423e-05;2.37488e-05;2.43676e-05;2.50963e-05;2.57613e-05;2.65167e-05;2.72306e-05;2.8018e-05;2.87844e-05;2.96115e-05;3.04377e-05;3.13187e-05;3.22201e-05;3.317e-05;3.41145e-05;3.47438e-05;0.00083972;0.00166269;0.00209773;0.00229492;0.00237237;0.002392;0
0;3.04251e-07;6.33565e-07;9.13615e-07;1.26853e-06;1.52557e-06;1.90631e-06;2.14183e-06;2.5483e-06;2.76413e-06;3.19595e-06;3.39418e-06;3.85068e-06;4.03368e-06;4.51397e-06;4.68436e-06;5.18731e-06;5.34791e-06;5.87221e-06;6.02603e-06;6.57022e-06;6.72043e-06;7.28295e-06;7.4328e-06;8.01201e-06;8.16485e-06;8.7591e-06;8.9183e-06;9.52595e-06;9.69488e-06;1.03144e-05;1.04964e-05;1.11262e-05;1.13245e-05;1.19634e-05;1.21812e-05;1.2828e-05;1.30683e-05;1.37222e-05;1.39879e-05;1.46481e-05;1.49419e-05;1.56081e-05;1.59325e-05;1.66049e-05;1.69622e-05;1.7641e-05;1.80334e-05;1.87193e-05;1.9149e-05;1.98432e-05;2.03119e-05;2.1016e-05;2.15255e-05;2.22416e-05;2.27936e-05;2.35244e-05;2.41206e-05;2.48692e-05;2.55116e-05;2.62817e-05;2.69724e-05;2.77685e-05;2.85099e-05;2.93371e-05;3.01321e-05;3.09966e-05;3.18501e-05;3.2763e-05;3.36896e-05;3.46792e-05;3.57181e-05;3.6868e-05;3.86083e-05;0.0012391;0.00189712;0.00221063;0.00234284;0.00239162;0.00240349;0
0;3.39367e-07;6.52427e-07;1.01885e-06;1.3067e-06;1.70059e-06;1.96467e-06;2.38609e-06;2.62817e-06;3.07687e-06;3.29905e-06;3.77447e-06;3.97914e-06;4.48044e-06;4.67026e-06;5.19636e-06;5.37426e-06;5.92385e-06;6.09293e-06;6.66454e-06;6.82812e-06;7.42012e-06;7.58162e-06;8.19231e-06;8.35527e-06;8.98288e-06;9.15089e-06;9.79367e-06;9.97034e-06;1.06266e-05;1.08155e-05;1.14835e-05;1.16882e-05;1.23666e-05;1.25904e-05;1.32778e-05;1.35242e-05;1.42195e-05;1.44915e-05;1.5194e-05;1.54946e-05;1.62036e-05;1.65357e-05;1.72512e-05;1.76172e-05;1.83393e-05;1.87418e-05;1.9471e-05;1.99121e-05;2.06495e-05;2.11314e-05;2.18784e-05;2.24029e-05;2.31616e-05;2.37305e-05;2.45033e-05;2.51185e-05;2.59085e-05;2.65719e-05;2.73826e-05;2.80963e-05;2.89321e-05;2.96984e-05;3.05645e-05;3.1386e-05;3.22878e-05;3.31676e-05;3.41123e-05;3.5058e-05;3.60655e-05;3.7111e-05;3.82413e-05;3.94153e-05;6.42302e-05;0.00149175;0.00205237;0.00228331;0.00237225;0.00240284;0.00240995;0
0;3.47969e-07;7.24301e-07;1.04489e-06;1.4502e-06;1.74476e-06;2.17931e-06;2.44955e-06;2.91323e-06;3.16122e-06;3.6536e-06;3.88172e-06;4.40206e-06;4.61302e-06;5.16028e-06;5.35704e-06;5.92997e-06;6.11574e-06;6.71284e-06;6.89105e-06;7.51068e-06;7.68491e-06;8.3253e-06;8.49926e-06;9.15855e-06;9.33604e-06;1.00124e-05;1.01972e-05;1.08887e-05;1.10847e-05;1.17896e-05;1.20006e-05;1.27172e-05;1.29469e-05;1.36738e-05;1.39257e-05;1.46615e-05;1.49391e-05;1.56829e-05;1.59894e-05;1.67404e-05;1.70789e-05;1.78368e-05;1.82102e-05;1.89749e-05;1.93858e-05;2.01577e-05;2.06086e-05;2.13886e-05;2.18817e-05;2.26711e-05;2.32085e-05;2.40092e-05;2.45928e-05;2.5407e-05;2.60388e-05;2.68695e-05;2.75515e-05;2.84021e-05;2.91362e-05;3.00111e-05;3.07996e-05;3.17036e-05;3.25493e-05;3.3488e-05;3.43932e-05;3.5372e-05;3.63393e-05;3.73669e-05;3.84119e-05;3.95323e-05;4.07471e-05;4.22748e-05;0.000895685;0.00176339;0.00216845;0.00233126;0.00239024;0.00240927;0.0024135;0
0;3.84745e-07;7.39991e-07;1.15508e-06;1.48207e-06;1.92797e-06;2.22832e-06;2.70512e-06;2.98084e-06;3.48824e-06;3.74169e-06;4.27908e-06;4.51295e-06;5.07939e-06;5.29669e-06;5.89096e-06;6.09498e-06;6.71561e-06;6.90986e-06;7.5552e-06;7.7434e-06;8.41163e-06;8.59764e-06;9.28685e-06;9.47466e-06;1.01829e-05;1.03765e-05;1.11017e-05;1.13053e-05;1.20455e-05;1.2263e-05;1.30166e-05;1.3252e-05;1.40171e-05;1.42742e-05;1.50495e-05;1.53321e-05;1.61162e-05;1.64278e-05;1.722e-05;1.75639e-05;1.83635e-05;1.87429e-05;1.95496e-05;1.99674e-05;2.07815e-05;2.12404e-05;2.20626e-05;2.2565e-05;2.33963e-05;2.39446e-05;2.47867e-05;2.53829e-05;2.62381e-05;2.68843e-05;2.77552e-05;2.84533e-05;2.93433e-05;3.00954e-05;3.10086e-05;3.1817e-05;3.27581e-05;3.36253e-05;3.46e-05;3.55287e-05;3.65427e-05;3.75342e-05;3.85907e-05;3.96456e-05;4.07579e-05;4.19138e-05;4.31545e-05;5.08833e-05;0.00133624;0.00196968;0.00225281;0.00236313;0.00240127;0.00241294;0.00241542;0
0;3.91788e-07;8.15129e-07;1.17647e-06;1.63205e-06;1.96446e-06;2.45258e-06;2.75797e-06;3.27852e-06;3.55919e-06;4.11169e-06;4.37033e-06;4.95396e-06;5.19357e-06;5.80719e-06;6.0311e-06;6.67328e-06;6.8851e-06;7.5542e-06;7.75773e-06;8.45191e-06;8.65116e-06;9.36845e-06;9.56758e-06;1.03059e-05;1.05092e-05;1.12664e-05;1.14781e-05;1.22523e-05;1.24766e-05;1.32656e-05;1.35068e-05;1.4309e-05;1.45712e-05;1.53847e-05;1.56719e-05;1.64954e-05;1.68115e-05;1.76438e-05;1.79923e-05;1.88327e-05;1.92171e-05;2.00651e-05;2.04886e-05;2.13442e-05;2.18096e-05;2.26734e-05;2.31835e-05;2.40562e-05;2.46135e-05;2.54966e-05;2.61034e-05;2.6999e-05;2.76574e-05;2.85681e-05;2.92801e-05;3.0209e-05;3.09769e-05;3.19278e-05;3.27536e-05;3.37313e-05;3.46175e-05;3.56273e-05;3.65768e-05;3.76252e-05;3.86404e-05;3.97313e-05;4.0809e-05;4.19387e-05;4.30756e-05;4.42822e-05;4.55979e-05;0.000879112;0.00169203;0.00212292;0.00231237;0.00238414;0.00240803;0.00241502;0.00241646;0
0;4.30172e-07;8.27768e-07;1.29146e-06;1.65786e-06;2.1556e-06;2.49261e-06;3.02449e-06;3.33434e-06;3.90004e-06;4.18536e-06;4.7842e-06;5.04798e-06;5.67894e-06;5.92451e-06;6.58623e-06;6.81724e-06;7.50811e-06;7.72848e-06;8.44666e-06;8.6605e-06;9.40398e-06;9.61559e-06;1.03823e-05;1.0596e-05;1.13837e-05;1.16042e-05;1.24106e-05;1.26423e-05;1.34654e-05;1.37127e-05;1.45504e-05;1.48178e-05;1.56683e-05;1.596e-05;1.68217e-05;1.71418e-05;1.80134e-05;1.83657e-05;1.92461e-05;1.96346e-05;2.05231e-05;2.09511e-05;2.18476e-05;2.23182e-05;2.32229e-05;2.37391e-05;2.46527e-05;2.52173e-05;2.6141e-05;2.67565e-05;2.76921e-05;2.83607e-05;2.93107e-05;3.00346e-05;3.10019e-05;3.17833e-05;3.27716e-05;3.36126e-05;3.46262e-05;3.55291e-05;3.65734e-05;3.75411e-05;3.86224e-05;3.96583e-05;4.07833e-05;4.18878e-05;4.3054e-05;4.42084e-05;4.53921e-05;4.66104e-05;5.08944e-05;0.00132459;0.00193706;0.00222967;0.00235267;0.00239768;0.00241213;0.00241621;0.00241702;0
0;4.35719e-07;9.06062e-07;1.30838e-06;1.81412e-06;2.18471e-06;2.72616e-06;3.06716e-06;3.64421e-06;3.95815e-06;4.57029e-06;4.86013e-06;5.50645e-06;5.77551e-06;6.45477e-06;6.70672e-06;7.41736e-06;7.65617e-06;8.39637e-06;8.62626e-06;9.39401e-06;9.61939e-06;1.04125e-05;1.0638e-05;1.14542e-05;1.16844e-05;1.25215e-05;1.27611e-05;1.36167e-05;1.38706e-05;1.47425e-05;1.50152e-05;1.59015e-05;1.61975e-05;1.70963e-05;1.74201e-05;1.83299e-05;1.86857e-05;1.96051e-05;1.99968e-05;2.09251e-05;2.13566e-05;2.22932e-05;2.27679e-05;2.37129e-05;2.42339e-05;2.51878e-05;2.57581e-05;2.67219e-05;2.73443e-05;2.83196e-05;2.89965e-05;2.99854e-05;3.07191e-05;3.17245e-05;3.25173e-05;3.35425e-05;3.43966e-05;3.54459e-05;3.63634e-05;3.74417e-05;3.84252e-05;3.95386e-05;4.05916e-05;4.17478e-05;4.28746e-05;4.40795e-05;4.52725e-05;4.64996e-05;4.76888e-05;4.87761e-05;0.000876827;0.00168459;0.00210809;0.00230131;0.00237885;0.00240613;0.00241458;0.00241688;0.00241732;0
0;4.75655e-07;9.15783e-07;1.42801e-06;1.83413e-06;2.3835e-06;2.75761e-06;3.34424e-06;3.68877e-06;4.31233e-06;4.63017e-06;5.28992e-06;5.58436e-06;6.27916e-06;6.55387e-06;7.28226e-06;7.54124e-06;8.30146e-06;8.54898e-06;9.33902e-06;9.57962e-06;1.03973e-05;1.06357e-05;1.14786e-05;1.17197e-05;1.25856e-05;1.28341e-05;1.37205e-05;1.39816e-05;1.48862e-05;1.51646e-05;1.60852e-05;1.63858e-05;1.73204e-05;1.76479e-05;1.85946e-05;1.89535e-05;1.9911e-05;2.03055e-05;2.12726e-05;2.17068e-05;2.26828e-05;2.31604e-05;2.41451e-05;2.46697e-05;2.56633e-05;2.6238e-05;2.72413e-05;2.78691e-05;2.88835e-05;2.9567e-05;3.05944e-05;3.13361e-05;3.23791e-05;3.31814e-05;3.42432e-05;3.51083e-05;3.61928e-05;3.71229e-05;3.82349e-05;3.92323e-05;4.03773e-05;4.14449e-05;4.26303e-05;4.37732e-05;4.50094e-05;4.62334e-05;4.7521e-05;4.87886e-05;5.00397e-05;5.26581e-05;0.00131866;0.00193122;0.0022226;0.00234757;0.00239518;0.00241121;0.00241599;0.00241724;0.00241748;0
0;4.79776e-07;9.97112e-07;1.44067e-06;1.99641e-06;2.40559e-06;3.0001e-06;3.3772e-06;4.01037e-06;4.3582e-06;5.02946e-06;5.35124e-06;6.05961e-06;6.35897e-06;7.10312e-06;7.38406e-06;8.16228e-06;8.42914e-06;9.23947e-06;9.49685e-06;1.03371e-05;1.05898e-05;1.14576e-05;1.17107e-05;1.26036e-05;1.28621e-05;1.37776e-05;1.40466e-05;1.49823e-05;1.5267e-05;1.62204e-05;1.6526e-05;1.74949e-05;1.78262e-05;1.88088e-05;1.91706e-05;2.0165e-05;2.05619e-05;2.15668e-05;2.20031e-05;2.30177e-05;2.34975e-05;2.45211e-05;2.50482e-05;2.60809e-05;2.66587e-05;2.7701e-05;2.83327e-05;2.93858e-05;3.00743e-05;3.11398e-05;3.18878e-05;3.29681e-05;3.37779e-05;3.4876e-05;3.57501e-05;3.68697e-05;3.78103e-05;3.89558e-05;3.99652e-05;4.11418e-05;4.22223e-05;4.34363e-05;4.45917e-05;4.58531e-05;4.70929e-05;4.84188e-05;4.97515e-05;5.111e-05;5.2139e-05;0.000852361;0.00166952;0.00210115;0.00229716;0.00237641;0.00240498;0.00241415;0.00241678;0.00241744;0.00241756;0
0;5.212e-07;1.00406e-06;1.56474e-06;2.01092e-06;2.61172e-06;3.02338e-06;3.66442e-06;4.04422e-06;4.72516e-06;5.07625e-06;5.79628e-06;6.12223e-06;6.88015e-06;7.18494e-06;7.97915e-06;8.26713e-06;9.09574e-06;9.37156e-06;1.02324e-05;1.0501e-05;1.13917e-05;1.16581e-05;1.25762e-05;1.28458e-05;1.37886e-05;1.40666e-05;1.50316e-05;1.53235e-05;1.63081e-05;1.66191e-05;1.7621e-05;1.79564e-05;1.89734e-05;1.93382e-05;2.03683e-05;2.07674e-05;2.18092e-05;2.22472e-05;2.32994e-05;2.37807e-05;2.48425e-05;2.53711e-05;2.64423e-05;2.7022e-05;2.81028e-05;2.87372e-05;2.98284e-05;3.05204e-05;3.16237e-05;3.23762e-05;3.34935e-05;3.43092e-05;3.54433e-05;3.63246e-05;3.74789e-05;3.84281e-05;3.96069e-05;4.06263e-05;4.18345e-05;4.29262e-05;4.41693e-05;4.53359e-05;4.66214e-05;4.78693e-05;4.92141e-05;5.05654e-05;5.20094e-05;5.35393e-05;5.5669e-05;0.00124869;0.00190189;0.00221282;0.00234412;0.00239379;0.00241066;0.0024158;0.0024172;0.00241754;0.00241761;0
0;5.23969e-07;1.08829e-06;1.57337e-06;2.17897e-06;2.62714e-06;3.27442e-06;3.68819e-06;4.37704e-06;4.75944e-06;5.48926e-06;5.84378e-06;6.61353e-06;6.9441e-06;7.75232e-06;8.06328e-06;8.90815e-06;9.20419e-06;1.00836e-05;1.03697e-05;1.12813e-05;1.15627e-05;1.25039e-05;1.27859e-05;1.37541e-05;1.40423e-05;1.50349e-05;1.53348e-05;1.6349e-05;1.66662e-05;1.76995e-05;1.80395e-05;1.90895e-05;1.94575e-05;2.05222e-05;2.09235e-05;2.20009e-05;2.24404e-05;2.35291e-05;2.40115e-05;2.51105e-05;2.56401e-05;2.67489e-05;2.73297e-05;2.84484e-05;2.90842e-05;3.02131e-05;3.09073e-05;3.20478e-05;3.28035e-05;3.39574e-05;3.47773e-05;3.5947e-05;3.68338e-05;3.80226e-05;3.89786e-05;4.01905e-05;4.1218e-05;4.24576e-05;4.35589e-05;4.48316e-05;4.60086e-05;4.73199e-05;4.85753e-05;4.99354e-05;5.12832e-05;5.27276e-05;5.42203e-05;5.57772e-05;8.08361e-05;0.00149925;0.00205571;0.00228471;0.00237298;0.00240398;0.00241385;0.00241669;0.00241742;0.0024176;0.00241763;0
0;5.66814e-07;1.09262e-06;1.70168e-06;2.18827e-06;2.84027e-06;3.28999e-06;3.98507e-06;4.40079e-06;5.1386e-06;5.5237e-06;6.30338e-06;6.66172e-06;7.48197e-06;7.81786e-06;8.67699e-06;8.9951e-06;9.89107e-06;1.01964e-05;1.11269e-05;1.14248e-05;1.23873e-05;1.26832e-05;1.36749e-05;1.39746e-05;1.49928e-05;1.53019e-05;1.63439e-05;1.66682e-05;1.77313e-05;1.80765e-05;1.9158e-05;1.95298e-05;2.06275e-05;2.10312e-05;2.2143e-05;2.25839e-05;2.37082e-05;2.41912e-05;2.53266e-05;2.58566e-05;2.70023e-05;2.75834e-05;2.87392e-05;2.93755e-05;3.05416e-05;3.12368e-05;3.24141e-05;3.31715e-05;3.43616e-05;3.51842e-05;3.63894e-05;3.728e-05;3.85031e-05;3.94641e-05;4.07089e-05;4.17428e-05;4.30136e-05;4.41227e-05;4.54248e-05;4.6611e-05;4.79497e-05;4.92142e-05;5.05946e-05;5.19405e-05;5.33804e-05;5.4845e-05;5.64371e-05;5.83248e-05;0.0009069;0.00176877;0.00217072;0.00233215;0.00239065;0.00240987;0.0024156;0.00241715;0.00241754;0.00241762;0.00241764;0
0;5.68311e-07;1.17962e-06;1.70651e-06;2.36182e-06;2.84942e-06;3.54917e-06;4.0002e-06;4.74428e-06;5.16198e-06;5.94976e-06;6.33789e-06;7.16826e-06;7.53105e-06;8.40246e-06;8.74456e-06;9.65508e-06;9.98151e-06;1.09289e-05;1.1245e-05;1.22267e-05;1.25381e-05;1.35514e-05;1.38639e-05;1.4906e-05;1.52255e-05;1.62935e-05;1.66259e-05;1.77171e-05;1.80683e-05;1.91799e-05;1.95559e-05;2.06853e-05;2.10917e-05;2.22367e-05;2.26791e-05;2.38377e-05;2.43214e-05;2.54921e-05;2.6022e-05;2.72037e-05;2.77845e-05;2.89767e-05;2.96127e-05;3.08153e-05;3.15105e-05;3.27242e-05;3.34821e-05;3.47081e-05;3.5532e-05;3.67723e-05;3.76651e-05;3.89223e-05;3.98867e-05;4.11642e-05;4.22027e-05;4.35047e-05;4.46196e-05;4.59511e-05;4.71448e-05;4.85113e-05;4.97851e-05;5.11907e-05;5.25428e-05;5.39905e-05;5.54278e-05;5.69571e-05;5.85438e-05;6.6598e-05;0.00134433;0.00197339;0.00225431;0.00236368;0.0024015;0.00241324;0.00241655;0.00241739;0.00241759;0.00241763;0.00241764;0
0;6.12505e-07;1.18149e-06;1.83885e-06;2.36624e-06;3.0692e-06;3.55752e-06;4.30625e-06;4.75857e-06;5.5527e-06;5.97264e-06;6.81127e-06;7.20297e-06;8.08473e-06;8.45279e-06;9.37588e-06;9.7253e-06;1.06876e-05;1.10237e-05;1.20227e-05;1.23512e-05;1.33842e-05;1.3711e-05;1.47751e-05;1.51063e-05;1.61985e-05;1.65402e-05;1.76577e-05;1.8016e-05;1.91559e-05;1.95369e-05;2.06964e-05;2.11061e-05;2.22828e-05;2.27271e-05;2.39188e-05;2.44032e-05;2.56081e-05;2.61378e-05;2.73545e-05;2.79346e-05;2.91624e-05;2.97975e-05;3.10359e-05;3.17302e-05;3.29796e-05;3.3737e-05;3.49984e-05;3.58224e-05;3.70974e-05;3.79912e-05;3.92822e-05;4.02485e-05;4.15586e-05;4.26001e-05;4.39331e-05;4.50522e-05;4.64129e-05;4.7612e-05;4.9006e-05;5.02874e-05;5.172e-05;5.30827e-05;5.45535e-05;5.59878e-05;5.74959e-05;5.90326e-05;6.06994e-05;0.00088975;0.00169756;0.00212538;0.00231333;0.00238448;0.00240815;0.00241518;0.00241706;0.00241752;0.00241762;0.00241764;0.00241764;0
0;6.12812e-07;1.27111e-06;1.84012e-06;2.54498e-06;3.0725e-06;3.8244e-06;4.31331e-06;5.11215e-06;5.56592e-06;6.41104e-06;6.83369e-06;7.72391e-06;8.11995e-06;9.05365e-06;9.42804e-06;1.04032e-05;1.07613e-05;1.17754e-05;1.2123e-05;1.31735e-05;1.35164e-05;1.46004e-05;1.49449e-05;1.60594e-05;1.64117e-05;1.75537e-05;1.79202e-05;1.90867e-05;1.94737e-05;2.06617e-05;2.10755e-05;2.22824e-05;2.2729e-05;2.39525e-05;2.44377e-05;2.56756e-05;2.62052e-05;2.74559e-05;2.80351e-05;2.92975e-05;2.99311e-05;3.12047e-05;3.18974e-05;3.3182e-05;3.39379e-05;3.52343e-05;3.60572e-05;3.73667e-05;3.826e-05;3.95846e-05;4.05514e-05;4.18939e-05;4.29369e-05;4.43008e-05;4.54225e-05;4.68124e-05;4.80152e-05;4.94362e-05;5.07228e-05;5.21814e-05;5.35536e-05;5.50533e-05;5.65029e-05;5.80279e-05;5.95245e-05;6.10905e-05;6.56939e-05;0.00133225;0.00194076;0.00223124;0.00235326;0.00239788;0.0024122;0.00241629;0.00241734;0.00241758;0.00241763;0.00241764;0.00241764;0
0;6.58278e-07;1.27069e-06;1.97627e-06;2.54487e-06;3.29855e-06;3.82602e-06;4.62801e-06;5.11764e-06;5.96753e-06;6.42318e-06;7.32005e-06;7.74611e-06;8.68851e-06;9.08988e-06;1.00759e-05;1.04579e-05;1.14853e-05;1.18537e-05;1.29198e-05;1.32805e-05;1.43825e-05;1.47419e-05;1.58768e-05;1.62411e-05;1.74058e-05;1.77817e-05;1.89731e-05;1.93671e-05;2.0582e-05;2.10006e-05;2.22363e-05;2.26858e-05;2.39396e-05;2.44262e-05;2.56959e-05;2.62254e-05;2.7509e-05;2.80871e-05;2.93833e-05;3.00152e-05;3.13229e-05;3.20135e-05;3.33326e-05;3.40864e-05;3.54171e-05;3.62381e-05;3.75815e-05;3.84734e-05;3.98312e-05;4.07972e-05;4.21719e-05;4.3215e-05;4.46098e-05;4.57326e-05;4.71516e-05;4.83566e-05;4.98046e-05;5.10943e-05;5.25778e-05;5.39554e-05;5.54817e-05;5.69476e-05;5.85124e-05;6.00336e-05;6.15699e-05;6.29775e-05;0.000886817;0.0016898;0.00211048;0.00230228;0.00237919;0.00240624;0.00241461;0.00241692;0.00241749;0.00241761;0.00241764;0.00241764;0.00241764;0
0;6.57484e-07;1.36277e-06;1.97425e-06;2.72849e-06;3.29643e-06;4.10014e-06;4.6276e-06;5.48069e-06;5.97136e-06;6.87315e-06;7.33129e-06;8.28055e-06;8.71094e-06;9.70597e-06;1.01139e-05;1.11525e-05;1.15436e-05;1.26234e-05;1.30037e-05;1.41218e-05;1.44977e-05;1.5651e-05;1.60291e-05;1.72145e-05;1.76013e-05;1.88156e-05;1.92179e-05;2.0458e-05;2.08824e-05;2.21452e-05;2.25985e-05;2.38812e-05;2.43696e-05;2.56697e-05;2.61996e-05;2.75149e-05;2.8092e-05;2.94208e-05;3.00509e-05;3.1392e-05;3.20801e-05;3.34329e-05;3.41839e-05;3.55484e-05;3.63666e-05;3.77436e-05;3.86329e-05;4.00237e-05;4.09877e-05;4.23944e-05;4.34363e-05;4.48619e-05;4.59844e-05;4.74326e-05;4.86382e-05;5.01135e-05;5.14046e-05;5.29127e-05;5.42923e-05;5.58413e-05;5.73149e-05;5.89138e-05;6.04755e-05;6.20904e-05;6.36455e-05;6.65825e-05;0.00132585;0.00193469;0.0022241;0.00234815;0.00239537;0.00241127;0.00241601;0.00241726;0.00241756;0.00241763;0.00241764;0.00241764;0.00241764;0
0;7.04142e-07;1.36024e-06;2.11395e-06;2.72419e-06;3.52834e-06;4.09557e-06;4.95038e-06;5.47808e-06;6.38316e-06;6.87542e-06;7.82979e-06;8.29126e-06;9.29341e-06;9.72927e-06;1.07772e-05;1.11931e-05;1.22845e-05;1.26864e-05;1.38185e-05;1.42128e-05;1.53825e-05;1.5776e-05;1.69802e-05;1.73794e-05;1.86148e-05;1.90268e-05;2.02902e-05;2.07218e-05;2.201e-05;2.24679e-05;2.37779e-05;2.4269e-05;2.5598e-05;2.61288e-05;2.74744e-05;2.80509e-05;2.94113e-05;3.00395e-05;3.1413e-05;3.20984e-05;3.34841e-05;3.42319e-05;3.56296e-05;3.64443e-05;3.78543e-05;3.87403e-05;4.01635e-05;4.11246e-05;4.25631e-05;4.36025e-05;4.50587e-05;4.61797e-05;4.7657e-05;4.8862e-05;5.03646e-05;5.1656e-05;5.31889e-05;5.4569e-05;5.61391e-05;5.76131e-05;5.92331e-05;6.08119e-05;6.24939e-05;6.41388e-05;6.5491e-05;0.000861865;0.00167446;0.0021034;0.00229808;0.00237674;0.00240509;0.00241418;0.00241679;0.00241745;0.0024176;0.00241764;0.00241764;0.00241764;0.00241764;0
0;7.02338e-07;1.45461e-06;2.10893e-06;2.91238e-06;3.52125e-06;4.37644e-06;4.94314e-06;5.84998e-06;6.37839e-06;7.33618e-06;7.8308e-06;8.83828e-06;9.30417e-06;1.03595e-05;1.08022e-05;1.19033e-05;1.23288e-05;1.34728e-05;1.38876e-05;1.50717e-05;1.54823e-05;1.67033e-05;1.71167e-05;1.83713e-05;1.87944e-05;2.00793e-05;2.05192e-05;2.18311e-05;2.22949e-05;2.36306e-05;2.41252e-05;2.54817e-05;2.60139e-05;2.73886e-05;2.79649e-05;2.93556e-05;2.99822e-05;3.1387e-05;3.20697e-05;3.34874e-05;3.42317e-05;3.56617e-05;3.64726e-05;3.79149e-05;3.87969e-05;4.02523e-05;4.12095e-05;4.26793e-05;4.37154e-05;4.5202e-05;4.63201e-05;4.78266e-05;4.90296e-05;5.05597e-05;5.18501e-05;5.34084e-05;5.47881e-05;5.63801e-05;5.7852e-05;5.94874e-05;6.10627e-05;6.27673e-05;6.44791e-05;6.63313e-05;6.87552e-05;0.0012558;0.00190528;0.00221427;0.00234467;0.00239398;0.00241072;0.00241581;0.00241721;0.00241755;0.00241763;0.00241764;0.00241764;0.00241764;0.00241764;0
0;7.50104e-07;1.45017e-06;2.25193e-06;2.90427e-06;3.75863e-06;4.36624e-06;5.27344e-06;5.84e-06;6.79965e-06;7.32947e-06;8.34056e-06;8.83855e-06;9.89952e-06;1.03711e-05;1.14799e-05;1.19311e-05;1.30851e-05;1.35222e-05;1.47188e-05;1.51484e-05;1.63843e-05;1.68135e-05;1.80854e-05;1.85213e-05;1.98258e-05;2.02756e-05;2.16093e-05;2.20802e-05;2.34398e-05;2.39391e-05;2.53215e-05;2.5856e-05;2.72583e-05;2.7835e-05;2.92546e-05;2.988e-05;3.1315e-05;3.19952e-05;3.34439e-05;3.41846e-05;3.56462e-05;3.64528e-05;3.79269e-05;3.88043e-05;4.02912e-05;4.12438e-05;4.27447e-05;4.37764e-05;4.52932e-05;4.64074e-05;4.79429e-05;4.91427e-05;5.07004e-05;5.19884e-05;5.35725e-05;5.49509e-05;5.65661e-05;5.80364e-05;5.96886e-05;6.12555e-05;6.29625e-05;6.4655e-05;6.64729e-05;6.83115e-05;9.35626e-05;0.00150476;0.00205805;0.00228563;0.00237331;0.00240409;0.00241388;0.00241669;0.00241743;0.0024176;0.00241764;0.00241764;0.00241764;0.00241764;0.00241764;0
0;7.47385e-07;1.54667e-06;2.24418e-06;3.09667e-06;3.74704e-06;4.65335e-06;5.26e-06;6.22006e-06;6.7871e-06;7.8002e-06;8.33235e-06;9.39717e-06;9.89975e-06;1.10144e-05;1.14933e-05;1.26555e-05;1.31169e-05;1.4324e-05;1.47746e-05;1.60234e-05;1.64703e-05;1.77575e-05;1.82079e-05;1.95301e-05;1.99913e-05;2.1345e-05;2.18245e-05;2.32063e-05;2.37114e-05;2.5118e-05;2.56559e-05;2.70842e-05;2.76621e-05;2.91094e-05;2.97341e-05;3.1198e-05;3.18759e-05;3.33546e-05;3.40918e-05;3.5584e-05;3.63863e-05;3.78913e-05;3.87638e-05;4.02817e-05;4.1229e-05;4.27606e-05;4.37871e-05;4.53339e-05;4.64432e-05;4.80076e-05;4.92031e-05;5.07882e-05;5.20727e-05;5.36825e-05;5.50586e-05;5.66977e-05;5.81666e-05;5.98393e-05;6.14012e-05;6.31143e-05;6.4781e-05;6.65754e-05;6.84323e-05;7.06172e-05;0.000915326;0.00177265;0.0021723;0.00233273;0.00239084;0.00240992;0.00241561;0.00241716;0.00241754;0.00241762;0.00241764;0.00241764;0.00241764;0.00241764;0.00241764;0
0;7.96173e-07;1.54049e-06;2.39023e-06;3.08513e-06;3.98944e-06;4.63807e-06;5.59723e-06;6.20347e-06;7.21707e-06;7.78544e-06;8.85246e-06;9.3881e-06;1.05069e-05;1.10156e-05;1.21841e-05;1.26719e-05;1.38875e-05;1.43611e-05;1.56208e-05;1.60874e-05;1.7388e-05;1.78547e-05;1.91926e-05;1.96669e-05;2.10388e-05;2.15283e-05;2.29305e-05;2.34428e-05;2.48719e-05;2.54143e-05;2.68671e-05;2.74471e-05;2.89206e-05;2.95453e-05;3.10368e-05;3.17129e-05;3.32204e-05;3.39544e-05;3.54762e-05;3.62741e-05;3.78093e-05;3.86766e-05;4.02248e-05;4.11665e-05;4.27283e-05;4.37489e-05;4.53253e-05;4.6429e-05;4.8022e-05;4.92122e-05;5.08247e-05;5.21045e-05;5.37401e-05;5.51124e-05;5.67756e-05;5.82423e-05;5.99375e-05;6.14981e-05;6.32272e-05;6.48791e-05;6.66528e-05;6.84286e-05;7.03149e-05;7.86213e-05;0.00135032;0.00197603;0.00225533;0.00236404;0.00240161;0.00241327;0.00241656;0.0024174;0.00241759;0.00241763;0.00241764;0.00241764;0.00241764;0.00241764;0.00241764;0
0;7.92634e-07;1.63894e-06;2.38003e-06;3.2814e-06;3.97383e-06;4.93091e-06;5.57827e-06;6.59101e-06;7.1976e-06;8.26529e-06;8.83605e-06;9.95734e-06;1.04978e-05;1.16708e-05;1.21871e-05;1.34094e-05;1.39082e-05;1.51769e-05;1.5665e-05;1.6977e-05;1.74619e-05;1.88137e-05;1.93029e-05;2.06911e-05;2.11922e-05;2.2613e-05;2.31339e-05;2.45838e-05;2.5132e-05;2.66076e-05;2.71908e-05;2.86889e-05;2.93145e-05;3.08323e-05;3.15073e-05;3.30423e-05;3.37735e-05;3.53239e-05;3.61175e-05;3.7682e-05;3.8544e-05;4.01219e-05;4.10576e-05;4.26489e-05;4.36633e-05;4.52688e-05;4.63661e-05;4.79876e-05;4.91716e-05;5.08114e-05;5.20855e-05;5.37469e-05;5.5114e-05;5.68013e-05;5.82641e-05;5.99823e-05;6.15418e-05;6.32934e-05;6.4944e-05;6.67232e-05;6.84577e-05;7.02994e-05;7.22312e-05;0.000897728;0.00170158;0.0021271;0.00231397;0.00238469;0.00240822;0.0024152;0.00241706;0.00241752;0.00241762;0.00241764;0.00241764;0.00241764;0.00241764;0.00241764;0.00241764;0
0;8.42355e-07;1.63122e-06;2.52887e-06;3.26681e-06;4.22081e-06;4.91114e-06;5.9218e-06;6.56856e-06;7.6355e-06;8.24341e-06;9.36558e-06;9.94003e-06;1.11158e-05;1.16627e-05;1.28898e-05;1.34158e-05;1.46916e-05;1.52034e-05;1.65249e-05;1.703e-05;1.83937e-05;1.88997e-05;2.03021e-05;2.08167e-05;2.22541e-05;2.27852e-05;2.42541e-05;2.48096e-05;2.63063e-05;2.68939e-05;2.84151e-05;2.90426e-05;3.05851e-05;3.12598e-05;3.28211e-05;3.35499e-05;3.51278e-05;3.59175e-05;3.75103e-05;3.83672e-05;3.99738e-05;4.09035e-05;4.25237e-05;4.35314e-05;4.51657e-05;4.6256e-05;4.79056e-05;4.90827e-05;5.07496e-05;5.20171e-05;5.37043e-05;5.50653e-05;5.67766e-05;5.8234e-05;5.99744e-05;6.15308e-05;6.33054e-05;6.49593e-05;6.67639e-05;6.84936e-05;7.03022e-05;7.21166e-05;7.69857e-05;0.0013379;0.0019434;0.00223232;0.00235364;0.002398;0.00241224;0.0024163;0.00241734;0.00241758;0.00241763;0.00241764;0.00241764;0.00241764;0.00241764;0.00241764;0.00241764;0
0;8.38097e-07;1.73145e-06;2.51653e-06;3.4666e-06;4.20167e-06;5.20917e-06;5.898e-06;6.96289e-06;7.60996e-06;8.73153e-06;9.34199e-06;1.05189e-05;1.10985e-05;1.23287e-05;1.2884e-05;1.4165e-05;1.47027e-05;1.60317e-05;1.65591e-05;1.79327e-05;1.84574e-05;1.98722e-05;2.04021e-05;2.18543e-05;2.23974e-05;2.38834e-05;2.44476e-05;2.59637e-05;2.65571e-05;2.80997e-05;2.87302e-05;3.02961e-05;3.09713e-05;3.25575e-05;3.32848e-05;3.48888e-05;3.56752e-05;3.72952e-05;3.81471e-05;3.97817e-05;4.07052e-05;4.23537e-05;4.33545e-05;4.5017e-05;4.61e-05;4.77773e-05;4.89469e-05;5.06408e-05;5.19008e-05;5.36138e-05;5.49677e-05;5.67031e-05;5.81538e-05;5.99163e-05;6.14669e-05;6.32626e-05;6.49159e-05;6.6749e-05;6.84951e-05;7.03369e-05;7.21024e-05;7.37899e-05;0.000894287;0.00169357;0.00211216;0.00230293;0.00237942;0.00240631;0.00241463;0.00241692;0.00241749;0.00241761;0.00241764;0.00241764;0.00241764;0.00241764;0.00241764;0.00241764;0.00241764;0
0;8.8866e-07;1.72239e-06;2.66788e-06;3.44937e-06;4.45279e-06;5.1855e-06;6.24722e-06;6.93536e-06;8.055e-06;8.7035e-06;9.88e-06;1.04945e-05;1.17261e-05;1.23127e-05;1.35973e-05;1.41629e-05;1.54976e-05;1.60493e-05;1.7431e-05;1.79764e-05;1.94017e-05;1.99487e-05;2.14139e-05;2.19707e-05;2.34719e-05;2.40466e-05;2.55802e-05;2.61809e-05;2.77432e-05;2.83781e-05;2.99657e-05;3.06426e-05;3.22522e-05;3.29788e-05;3.46078e-05;3.53913e-05;3.70374e-05;3.78848e-05;3.95464e-05;4.0464e-05;4.214e-05;4.31338e-05;4.48238e-05;4.58991e-05;4.76038e-05;4.87654e-05;5.04859e-05;5.17379e-05;5.34765e-05;5.48226e-05;5.65822e-05;5.80254e-05;5.981e-05;6.13533e-05;6.31686e-05;6.48161e-05;6.66707e-05;6.84262e-05;7.03189e-05;7.2142e-05;7.39829e-05;7.71658e-05;0.00133114;0.00193716;0.00222513;0.00234853;0.0023955;0.0024113;0.00241602;0.00241727;0.00241756;0.00241763;0.00241764;0.00241764;0.00241764;0.00241764;0.00241764;0.00241764;0.00241764;0
0;8.83782e-07;1.82421e-06;2.65369e-06;3.6523e-06;4.43062e-06;5.48819e-06;6.21926e-06;7.33577e-06;8.02427e-06;9.199e-06;9.8503e-06;1.10818e-05;1.1702e-05;1.29883e-05;1.35839e-05;1.49225e-05;1.55007e-05;1.68886e-05;1.74568e-05;1.88907e-05;1.94569e-05;2.09331e-05;2.15055e-05;2.30201e-05;2.3607e-05;2.51563e-05;2.57659e-05;2.73462e-05;2.79869e-05;2.95945e-05;3.02743e-05;3.19059e-05;3.26328e-05;3.42853e-05;3.50669e-05;3.67378e-05;3.75813e-05;3.92687e-05;4.01808e-05;4.18833e-05;4.28703e-05;4.45872e-05;4.56548e-05;4.73862e-05;4.85394e-05;5.02863e-05;5.15297e-05;5.32938e-05;5.46313e-05;5.64152e-05;5.78501e-05;5.96572e-05;6.11924e-05;6.30273e-05;6.46661e-05;6.6537e-05;6.82873e-05;7.02093e-05;7.20771e-05;7.40165e-05;7.56044e-05;0.000868947;0.00167802;0.00210497;0.00229869;0.00237696;0.00240516;0.0024142;0.00241679;0.00241745;0.0024176;0.00241764;0.00241764;0.00241764;0.00241764;0.00241764;0.00241764;0.00241764;0.00241764;0
0;9.35095e-07;1.81402e-06;2.80727e-06;3.63283e-06;4.68543e-06;5.46122e-06;6.57355e-06;7.30395e-06;8.47566e-06;9.1658e-06;1.03958e-05;1.10515e-05;1.23381e-05;1.29658e-05;1.43066e-05;1.49133e-05;1.63056e-05;1.68988e-05;1.83393e-05;1.89268e-05;2.04121e-05;2.10021e-05;2.25283e-05;2.31291e-05;2.46924e-05;2.53126e-05;2.69091e-05;2.75571e-05;2.9183e-05;2.98671e-05;3.1519e-05;3.22474e-05;3.3922e-05;3.47026e-05;3.63971e-05;3.72374e-05;3.89496e-05;3.98566e-05;4.15847e-05;4.25651e-05;4.43081e-05;4.53679e-05;4.71255e-05;4.82702e-05;5.0043e-05;5.12773e-05;5.30667e-05;5.4395e-05;5.62031e-05;5.76291e-05;5.94589e-05;6.09854e-05;6.28408e-05;6.44703e-05;6.63569e-05;6.80949e-05;7.00276e-05;7.18942e-05;7.39106e-05;7.59772e-05;7.86589e-05;0.00126102;0.00190769;0.00221526;0.00234503;0.0023941;0.00241075;0.00241582;0.00241721;0.00241755;0.00241763;0.00241764;0.00241764;0.00241764;0.00241764;0.00241764;0.00241764;0.00241764;0.00241764;0
0;9.29699e-07;1.91724e-06;2.79154e-06;3.83854e-06;4.66073e-06;5.768e-06;6.54213e-06;7.70971e-06;8.44063e-06;9.66779e-06;1.03611e-05;1.16464e-05;1.23083e-05;1.36497e-05;1.42871e-05;1.56821e-05;1.63022e-05;1.77477e-05;1.83585e-05;1.9851e-05;2.04606e-05;2.19965e-05;2.26133e-05;2.41887e-05;2.48213e-05;2.64322e-05;2.70891e-05;2.87317e-05;2.94216e-05;3.10922e-05;3.18234e-05;3.35186e-05;3.42993e-05;3.6016e-05;3.68539e-05;3.85896e-05;3.94922e-05;4.12448e-05;4.22191e-05;4.39873e-05;4.50395e-05;4.68226e-05;4.79587e-05;4.97569e-05;5.0982e-05;5.27962e-05;5.4115e-05;5.5947e-05;5.73634e-05;5.9216e-05;6.07333e-05;6.26098e-05;6.42303e-05;6.61346e-05;6.78604e-05;6.98006e-05;7.16446e-05;7.36538e-05;7.56654e-05;7.77693e-05;0.000103173;0.00150877;0.00205969;0.00228625;0.00237352;0.00240415;0.0024139;0.0024167;0.00241743;0.0024176;0.00241764;0.00241764;0.00241764;0.00241764;0.00241764;0.00241764;0.00241764;0.00241764;0.00241764;0
0;9.81669e-07;1.90612e-06;2.94709e-06;3.81724e-06;4.91875e-06;5.73834e-06;6.90084e-06;7.6744e-06;8.89754e-06;9.6304e-06;1.09131e-05;1.16113e-05;1.29518e-05;1.36219e-05;1.50179e-05;1.56672e-05;1.71159e-05;1.77521e-05;1.92501e-05;1.98814e-05;2.1425e-05;2.20598e-05;2.36454e-05;2.42923e-05;2.59157e-05;2.65835e-05;2.8241e-05;2.89382e-05;3.06259e-05;3.13613e-05;3.30755e-05;3.38574e-05;3.55949e-05;3.64315e-05;3.81895e-05;3.90885e-05;4.08645e-05;4.18331e-05;4.36256e-05;4.46706e-05;4.64785e-05;4.7606e-05;4.94291e-05;5.06448e-05;5.24835e-05;5.37923e-05;5.56482e-05;5.70544e-05;5.89297e-05;6.0437e-05;6.23349e-05;6.3946e-05;6.58699e-05;6.75859e-05;6.95389e-05;7.13621e-05;7.33599e-05;7.53255e-05;7.74582e-05;7.98659e-05;0.000921567;0.00177544;0.00217338;0.00233311;0.00239096;0.00240996;0.00241562;0.00241716;0.00241754;0.00241762;0.00241764;0.00241764;0.00241764;0.00241764;0.00241764;0.00241764;0.00241764;0.00241764;0.00241764;0
0;9.75858e-07;2.01055e-06;2.93012e-06;4.02536e-06;4.89203e-06;6.04868e-06;6.86667e-06;8.08478e-06;8.85911e-06;1.0138e-05;1.08744e-05;1.22126e-05;1.29176e-05;1.43131e-05;1.49936e-05;1.64438e-05;1.71076e-05;1.86092e-05;1.92643e-05;2.0814e-05;2.14688e-05;2.30627e-05;2.37258e-05;2.53601e-05;2.60404e-05;2.7711e-05;2.84174e-05;3.01204e-05;3.08615e-05;3.25931e-05;3.33778e-05;3.51345e-05;3.5971e-05;3.77498e-05;3.86461e-05;4.04444e-05;4.14081e-05;4.32238e-05;4.42621e-05;4.60938e-05;4.72132e-05;4.90603e-05;5.02667e-05;5.21294e-05;5.34281e-05;5.53075e-05;5.67031e-05;5.8601e-05;6.00976e-05;6.20169e-05;6.36178e-05;6.55619e-05;6.7269e-05;6.92401e-05;7.10512e-05;7.30502e-05;7.49707e-05;7.70348e-05;7.91264e-05;8.76526e-05;0.00135469;0.00197789;0.00225603;0.00236427;0.00240167;0.00241329;0.00241656;0.0024174;0.00241759;0.00241763;0.00241764;0.00241764;0.00241764;0.00241764;0.00241764;0.00241764;0.00241764;0.00241764;0.00241764;0
0;1.02839e-06;1.99871e-06;3.08734e-06;4.00262e-06;5.15281e-06;6.01692e-06;7.22915e-06;8.04678e-06;9.32074e-06;1.00974e-05;1.1432e-05;1.21738e-05;1.35673e-05;1.42813e-05;1.57313e-05;1.64248e-05;1.79285e-05;1.86095e-05;2.01634e-05;2.08402e-05;2.24408e-05;2.31222e-05;2.47654e-05;2.54603e-05;2.71422e-05;2.78594e-05;2.9576e-05;3.03246e-05;3.2072e-05;3.28607e-05;3.46353e-05;3.54728e-05;3.72711e-05;3.81658e-05;3.99851e-05;4.09447e-05;4.27826e-05;4.38147e-05;4.56694e-05;4.67809e-05;4.86515e-05;4.98487e-05;5.17349e-05;5.30234e-05;5.49259e-05;5.63106e-05;5.82309e-05;5.97163e-05;6.16568e-05;6.32467e-05;6.52109e-05;6.69083e-05;6.88994e-05;7.07034e-05;7.27189e-05;7.4619e-05;7.66561e-05;7.86812e-05;8.08595e-05;0.000903605;0.00170446;0.00212829;0.00231439;0.00238482;0.00240826;0.00241521;0.00241707;0.00241752;0.00241762;0.00241764;0.00241764;0.00241764;0.00241764;0.00241764;0.00241764;0.00241764;0.00241764;0.00241764;0.00241764;0
0;1.02227e-06;2.10418e-06;3.06945e-06;4.21278e-06;5.12458e-06;6.33025e-06;7.19293e-06;8.46105e-06;9.27979e-06;1.06097e-05;1.13904e-05;1.27806e-05;1.353e-05;1.49784e-05;1.57037e-05;1.72077e-05;1.79168e-05;1.94732e-05;2.01743e-05;2.17797e-05;2.24814e-05;2.41319e-05;2.48432e-05;2.65347e-05;2.72647e-05;2.89932e-05;2.97509e-05;3.15124e-05;3.23068e-05;3.40975e-05;3.49376e-05;3.6754e-05;3.76482e-05;3.94871e-05;4.04437e-05;4.23025e-05;4.33293e-05;4.5206e-05;4.63102e-05;4.82034e-05;4.93916e-05;5.13007e-05;5.2579e-05;5.45043e-05;5.5878e-05;5.78204e-05;5.92944e-05;6.1256e-05;6.28341e-05;6.4818e-05;6.65042e-05;6.85145e-05;7.03109e-05;7.23491e-05;7.42472e-05;7.62956e-05;7.82641e-05;8.03358e-05;8.54112e-05;0.001342;0.00194525;0.00223305;0.0023539;0.00239807;0.00241226;0.0024163;0.00241734;0.00241758;0.00241763;0.00241764;0.00241764;0.00241764;0.00241764;0.00241764;0.00241764;0.00241764;0.00241764;0.00241764;0.00241764;0
0;1.07527e-06;2.09181e-06;3.22807e-06;4.18902e-06;5.38765e-06;6.29701e-06;7.55855e-06;8.42116e-06;9.74532e-06;1.05668e-05;1.19525e-05;1.27394e-05;1.41849e-05;1.4944e-05;1.6447e-05;1.71862e-05;1.87435e-05;1.94709e-05;2.10794e-05;2.18036e-05;2.34595e-05;2.41894e-05;2.58886e-05;2.66333e-05;2.8372e-05;2.91407e-05;3.09146e-05;3.17164e-05;3.35217e-05;3.43658e-05;3.61987e-05;3.70938e-05;3.8951e-05;3.99057e-05;4.17842e-05;4.28066e-05;4.47041e-05;4.58017e-05;4.77166e-05;4.88964e-05;5.08276e-05;5.20961e-05;5.40434e-05;5.54063e-05;5.73705e-05;5.88327e-05;6.08153e-05;6.23813e-05;6.43848e-05;6.60586e-05;6.80871e-05;6.98727e-05;7.19314e-05;7.38292e-05;7.59117e-05;7.78882e-05;7.99259e-05;8.1812e-05;0.000899756;0.00169626;0.00211331;0.00230337;0.00237956;0.00240635;0.00241464;0.00241692;0.00241749;0.00241761;0.00241764;0.00241764;0.00241764;0.00241764;0.00241764;0.00241764;0.00241764;0.00241764;0.00241764;0.00241764;0.00241764;0
0;1.06893e-06;2.19812e-06;3.20955e-06;4.40085e-06;5.35841e-06;6.61279e-06;7.52098e-06;8.8386e-06;9.70274e-06;1.10829e-05;1.19091e-05;1.33505e-05;1.41455e-05;1.56459e-05;1.64174e-05;1.79742e-05;1.873e-05;2.034e-05;2.10888e-05;2.27483e-05;2.34989e-05;2.52042e-05;2.59656e-05;2.77126e-05;2.84942e-05;3.02788e-05;3.10899e-05;3.2908e-05;3.37578e-05;3.56056e-05;3.65032e-05;3.83771e-05;3.93312e-05;4.12281e-05;4.22471e-05;4.41644e-05;4.52562e-05;4.71917e-05;4.83637e-05;5.03163e-05;5.15752e-05;5.35441e-05;5.48962e-05;5.68817e-05;5.83323e-05;6.03356e-05;6.18893e-05;6.39125e-05;6.55734e-05;6.76196e-05;6.93921e-05;7.14673e-05;7.33569e-05;7.54679e-05;7.74688e-05;7.95799e-05;8.15967e-05;8.50055e-05;0.00133495;0.00193888;0.00222583;0.00234878;0.00239558;0.00241133;0.00241602;0.00241727;0.00241756;0.00241763;0.00241764;0.00241764;0.00241764;0.00241764;0.00241764;0.00241764;0.00241764;0.00241764;0.00241764;0.00241764;0.00241764;0
0;1.12232e-06;2.18544e-06;3.36929e-06;4.37646e-06;5.62332e-06;6.57866e-06;7.88909e-06;8.7976e-06;1.01714e-05;1.10388e-05;1.24749e-05;1.33079e-05;1.48045e-05;1.56103e-05;1.7165e-05;1.79514e-05;1.95613e-05;2.03367e-05;2.19984e-05;2.27717e-05;2.44813e-05;2.52616e-05;2.70152e-05;2.78117e-05;2.96053e-05;3.04274e-05;3.22568e-05;3.3114e-05;3.49752e-05;3.58767e-05;3.77659e-05;3.87208e-05;4.06347e-05;4.16515e-05;4.35873e-05;4.46743e-05;4.66295e-05;4.77944e-05;4.97673e-05;5.10173e-05;5.30071e-05;5.43486e-05;5.63551e-05;5.77939e-05;5.98177e-05;6.1359e-05;6.34018e-05;6.50498e-05;6.7114e-05;6.88725e-05;7.09628e-05;7.28376e-05;7.49644e-05;7.69668e-05;7.91398e-05;8.12307e-05;8.30587e-05;0.000874092;0.00168055;0.00210605;0.0022991;0.0023771;0.0024052;0.00241421;0.00241679;0.00241745;0.00241761;0.00241764;0.00241764;0.00241764;0.00241764;0.00241764;0.00241764;0.00241764;0.00241764;0.00241764;0.00241764;0.00241764;0.00241764;0
0;1.11587e-06;2.2924e-06;3.35045e-06;4.58959e-06;5.59356e-06;6.89635e-06;7.85087e-06;9.21749e-06;1.0128e-05;1.15578e-05;1.24307e-05;1.39223e-05;1.47644e-05;1.63157e-05;1.71348e-05;1.87432e-05;1.95474e-05;2.12096e-05;2.20077e-05;2.37201e-05;2.45212e-05;2.62798e-05;2.70932e-05;2.88941e-05;2.97293e-05;3.15682e-05;3.24346e-05;3.43075e-05;3.52147e-05;3.71177e-05;3.80748e-05;4.00044e-05;4.10203e-05;4.29732e-05;4.40565e-05;4.60303e-05;4.7189e-05;4.91814e-05;5.0423e-05;5.24329e-05;5.37643e-05;5.57911e-05;5.72184e-05;5.92624e-05;6.07912e-05;6.28535e-05;6.44884e-05;6.65711e-05;6.83158e-05;7.04218e-05;7.22804e-05;7.44171e-05;7.64012e-05;7.8592e-05;8.07344e-05;8.30555e-05;8.59269e-05;0.00126475;0.00190936;0.00221592;0.00234527;0.00239418;0.00241077;0.00241583;0.00241721;0.00241755;0.00241763;0.00241764;0.00241764;0.00241764;0.00241764;0.00241764;0.00241764;0.00241764;0.00241764;0.00241764;0.00241764;0.00241764;0.00241764;0
0;1.16953e-06;2.2796e-06;3.51104e-06;4.56498e-06;5.85985e-06;6.86192e-06;8.22085e-06;9.17617e-06;1.0599e-05;1.15135e-05;1.29991e-05;1.38795e-05;1.54263e-05;1.62801e-05;1.78855e-05;1.87207e-05;2.03818e-05;2.1207e-05;2.29204e-05;2.37445e-05;2.55065e-05;2.63389e-05;2.81453e-05;2.89955e-05;3.08423e-05;3.17199e-05;3.36029e-05;3.45175e-05;3.64327e-05;3.73936e-05;3.93374e-05;4.03538e-05;4.23227e-05;4.34035e-05;4.53945e-05;4.65481e-05;4.8559e-05;4.9793e-05;5.18222e-05;5.3144e-05;5.51904e-05;5.66066e-05;5.86702e-05;6.01866e-05;6.22682e-05;6.38899e-05;6.59911e-05;6.77222e-05;6.98452e-05;7.16887e-05;7.38369e-05;7.57984e-05;7.79871e-05;8.00957e-05;8.23787e-05;8.46542e-05;0.000110205;0.00151161;0.00206082;0.00228666;0.00237365;0.00240419;0.00241391;0.0024167;0.00241743;0.0024176;0.00241764;0.00241764;0.00241764;0.00241764;0.00241764;0.00241764;0.00241764;0.00241764;0.00241764;0.00241764;0.00241764;0.00241764;0.00241764;0
0;1.16308e-06;2.38705e-06;3.49217e-06;4.77905e-06;5.83008e-06;7.18097e-06;8.18266e-06;9.5978e-06;1.05557e-05;1.20345e-05;1.29552e-05;1.44962e-05;1.53867e-05;1.6988e-05;1.78562e-05;1.95149e-05;2.03692e-05;2.20822e-05;2.29314e-05;2.46951e-05;2.55486e-05;2.7359e-05;2.82263e-05;3.00793e-05;3.097e-05;3.28615e-05;3.37853e-05;3.57112e-05;3.66776e-05;3.86341e-05;3.96526e-05;4.1636e-05;4.27156e-05;4.47228e-05;4.58722e-05;4.79005e-05;4.91279e-05;5.11754e-05;5.24884e-05;5.45537e-05;5.59592e-05;5.80419e-05;5.95461e-05;6.16466e-05;6.32551e-05;6.53747e-05;6.70921e-05;6.92326e-05;7.10622e-05;7.32253e-05;7.51685e-05;7.73587e-05;7.94277e-05;8.16835e-05;8.39633e-05;8.65914e-05;0.000926051;0.00177738;0.00217411;0.00233336;0.00239104;0.00240998;0.00241563;0.00241716;0.00241754;0.00241762;0.00241764;0.00241764;0.00241764;0.00241764;0.00241764;0.00241764;0.00241764;0.00241764;0.00241764;0.00241764;0.00241764;0.00241764;0.00241764;0
0;1.21694e-06;2.37432e-06;3.65334e-06;4.75461e-06;6.0973e-06;7.14683e-06;8.55389e-06;9.55693e-06;1.10282e-05;1.19908e-05;1.35253e-05;1.44544e-05;1.60504e-05;1.69536e-05;1.86086e-05;1.94941e-05;2.12053e-05;2.20818e-05;2.38457e-05;2.47224e-05;2.65352e-05;2.74215e-05;2.92792e-05;3.0185e-05;3.20834e-05;3.30183e-05;3.49533e-05;3.59271e-05;3.78947e-05;3.89169e-05;4.09133e-05;4.19933e-05;4.40152e-05;4.51619e-05;4.72064e-05;4.84283e-05;5.0493e-05;5.1798e-05;5.38814e-05;5.52768e-05;5.7378e-05;5.88705e-05;6.09893e-05;6.25848e-05;6.47223e-05;6.6426e-05;6.85839e-05;7.03997e-05;7.25798e-05;7.4509e-05;7.67106e-05;7.87514e-05;8.09828e-05;8.31683e-05;8.54945e-05;9.41928e-05;0.00135778;0.00197917;0.00225649;0.00236441;0.00240172;0.0024133;0.00241656;0.0024174;0.00241759;0.00241763;0.00241764;0.00241764;0.00241764;0.00241764;0.00241764;0.00241764;0.00241764;0.00241764;0.00241764;0.00241764;0.00241764;0.00241764;0.00241764;0
0;1.21057e-06;2.48206e-06;3.63474e-06;4.96926e-06;6.06799e-06;7.46672e-06;8.51639e-06;9.9796e-06;1.09859e-05;1.25131e-05;1.34827e-05;1.50724e-05;1.60125e-05;1.76628e-05;1.85814e-05;2.02895e-05;2.11953e-05;2.2958e-05;2.386e-05;2.56737e-05;2.65812e-05;2.8442e-05;2.93649e-05;3.12686e-05;3.22166e-05;3.41591e-05;3.5142e-05;3.71193e-05;3.81469e-05;4.0155e-05;4.12369e-05;4.32723e-05;4.44175e-05;4.6477e-05;4.76945e-05;4.97755e-05;5.10735e-05;5.3174e-05;5.45601e-05;5.6679e-05;5.81603e-05;6.0297e-05;6.18797e-05;6.40349e-05;6.57246e-05;6.78995e-05;6.97012e-05;7.18982e-05;7.38147e-05;7.60338e-05;7.80608e-05;8.02938e-05;8.24248e-05;8.47041e-05;8.70523e-05;0.000907786;0.00170646;0.00212909;0.00231467;0.00238491;0.00240828;0.00241521;0.00241707;0.00241752;0.00241762;0.00241764;0.00241764;0.00241764;0.00241764;0.00241764;0.00241764;0.00241764;0.00241764;0.00241764;0.00241764;0.00241764;0.00241764;0.00241764;0.00241764;0
0;1.26453e-06;2.46961e-06;3.79621e-06;4.94538e-06;6.33571e-06;7.43344e-06;8.88827e-06;9.93993e-06;1.14591e-05;1.24709e-05;1.40536e-05;1.50326e-05;1.66769e-05;1.76308e-05;1.93346e-05;2.02718e-05;2.20319e-05;2.29613e-05;2.47744e-05;2.57053e-05;2.75676e-05;2.85097e-05;3.04172e-05;3.13802e-05;3.33287e-05;3.43227e-05;3.63081e-05;3.7343e-05;3.93613e-05;4.04466e-05;4.24941e-05;4.36394e-05;4.57126e-05;4.6927e-05;4.90232e-05;5.03152e-05;5.24319e-05;5.38096e-05;5.59454e-05;5.74161e-05;5.95702e-05;6.11405e-05;6.33129e-05;6.49889e-05;6.71805e-05;6.89674e-05;7.11806e-05;7.30831e-05;7.53203e-05;7.73386e-05;7.9593e-05;8.17066e-05;8.39498e-05;8.61681e-05;9.1441e-05;0.00134487;0.00194652;0.00223354;0.00235406;0.00239812;0.00241227;0.00241631;0.00241734;0.00241758;0.00241763;0.00241764;0.00241764;0.00241764;0.00241764;0.00241764;0.00241764;0.00241764;0.00241764;0.00241764;0.00241764;0.00241764;0.00241764;0.00241764;0.00241764;0
0;1.25835e-06;2.57748e-06;3.77816e-06;5.16026e-06;6.30734e-06;7.75364e-06;8.85211e-06;1.0363e-05;1.14187e-05;1.29936e-05;1.40132e-05;1.56508e-05;1.66419e-05;1.83402e-05;1.93108e-05;2.10671e-05;2.2026e-05;2.38372e-05;2.47935e-05;2.66559e-05;2.76192e-05;2.9529e-05;3.05092e-05;3.24621e-05;3.34692e-05;3.54612e-05;3.65051e-05;3.85321e-05;3.96228e-05;4.16809e-05;4.28279e-05;4.49135e-05;4.61262e-05;4.82363e-05;4.95236e-05;5.16556e-05;5.30258e-05;5.51777e-05;5.66386e-05;5.88093e-05;6.03679e-05;6.2557e-05;6.42195e-05;6.64276e-05;6.81997e-05;7.04285e-05;7.23156e-05;7.45684e-05;7.65753e-05;7.88537e-05;8.09717e-05;8.32449e-05;8.54018e-05;8.75053e-05;0.000903598;0.00169811;0.00211408;0.00230365;0.00237965;0.00240637;0.00241465;0.00241693;0.00241749;0.00241761;0.00241764;0.00241764;0.00241764;0.00241764;0.00241764;0.00241764;0.00241764;0.00241764;0.00241764;0.00241764;0.00241764;0.00241764;0.00241764;0.00241764;0.00241764;0
0;1.31233e-06;2.56548e-06;3.93969e-06;5.1373e-06;6.57513e-06;7.72178e-06;9.22405e-06;1.03252e-05;1.18919e-05;1.29539e-05;1.4584e-05;1.56141e-05;1.73061e-05;1.8312e-05;2.00634e-05;2.10538e-05;2.28618e-05;2.38456e-05;2.57067e-05;2.66935e-05;2.86039e-05;2.96034e-05;3.15593e-05;3.25815e-05;3.45785e-05;3.56335e-05;3.76677e-05;3.87654e-05;4.08328e-05;4.19831e-05;4.40799e-05;4.52924e-05;4.74152e-05;4.86991e-05;5.08452e-05;5.22091e-05;5.43762e-05;5.58281e-05;5.80147e-05;5.95622e-05;6.17675e-05;6.34172e-05;6.56413e-05;6.73991e-05;6.96431e-05;7.15143e-05;7.37811e-05;7.57721e-05;7.80677e-05;8.01838e-05;8.25042e-05;8.47065e-05;8.696e-05;9.05342e-05;0.00133759;0.00194005;0.00222629;0.00234894;0.00239563;0.00241134;0.00241602;0.00241727;0.00241756;0.00241763;0.00241764;0.00241764;0.00241764;0.00241764;0.00241764;0.00241764;0.00241764;0.00241764;0.00241764;0.00241764;0.00241764;0.00241764;0.00241764;0.00241764;0.00241764;0
0;1.30642e-06;2.67331e-06;3.92247e-06;5.35208e-06;6.54815e-06;8.0418e-06;9.18988e-06;1.0748e-05;1.1854e-05;1.34761e-05;1.45469e-05;1.62317e-05;1.7275e-05;1.90205e-05;2.00443e-05;2.18479e-05;2.28613e-05;2.47199e-05;2.57321e-05;2.7642e-05;2.86628e-05;3.06201e-05;3.16594e-05;3.36601e-05;3.47281e-05;3.6768e-05;3.78748e-05;3.99499e-05;4.11054e-05;4.32118e-05;4.44258e-05;4.65601e-05;4.7842e-05;5.0001e-05;5.13598e-05;5.35411e-05;5.49852e-05;5.71869e-05;5.87241e-05;6.0945e-05;6.25823e-05;6.48222e-05;6.65659e-05;6.88253e-05;7.06809e-05;7.29614e-05;7.49346e-05;7.72417e-05;7.93424e-05;8.16884e-05;8.39239e-05;8.6273e-05;8.82485e-05;0.000877657;0.00168226;0.00210676;0.00229937;0.00237718;0.00240522;0.00241422;0.00241679;0.00241745;0.00241761;0.00241764;0.00241764;0.00241764;0.00241764;0.00241764;0.00241764;0.00241764;0.00241764;0.00241764;0.00241764;0.00241764;0.00241764;0.00241764;0.00241764;0.00241764;0.00241764;0
0;1.36034e-06;2.66195e-06;4.08381e-06;5.33041e-06;6.8156e-06;8.01189e-06;9.5613e-06;1.07129e-05;1.23265e-05;1.34398e-05;1.51168e-05;1.61991e-05;1.79378e-05;1.89972e-05;2.07954e-05;2.18403e-05;2.36951e-05;2.47349e-05;2.66428e-05;2.7687e-05;2.96444e-05;3.0703e-05;3.27058e-05;3.37889e-05;3.58331e-05;3.69507e-05;3.90322e-05;4.01946e-05;4.23095e-05;4.35266e-05;4.56711e-05;4.69525e-05;4.91234e-05;5.04784e-05;5.26728e-05;5.41102e-05;5.6326e-05;5.78539e-05;6.00897e-05;6.17154e-05;6.39705e-05;6.57008e-05;6.79752e-05;6.98159e-05;7.21106e-05;7.40666e-05;7.63843e-05;7.84633e-05;8.08161e-05;8.30398e-05;8.54628e-05;8.79033e-05;9.09744e-05;0.0012673;0.00191048;0.00221635;0.00234542;0.00239422;0.00241079;0.00241583;0.00241721;0.00241755;0.00241763;0.00241764;0.00241764;0.00241764;0.00241764;0.00241764;0.00241764;0.00241764;0.00241764;0.00241764;0.00241764;0.00241764;0.00241764;0.00241764;0.00241764;0.00241764;0.00241764;0
0;1.35479e-06;2.76956e-06;4.06768e-06;5.54477e-06;6.79046e-06;8.33125e-06;9.52972e-06;1.11347e-05;1.2292e-05;1.39607e-05;1.50839e-05;1.68151e-05;1.79118e-05;1.97037e-05;2.07822e-05;2.26321e-05;2.37014e-05;2.56062e-05;2.66759e-05;2.86321e-05;2.97119e-05;3.17156e-05;3.28157e-05;3.48628e-05;3.59934e-05;3.80798e-05;3.92511e-05;4.13729e-05;4.25949e-05;4.47482e-05;4.60309e-05;4.82123e-05;4.95651e-05;5.17715e-05;5.32035e-05;5.54325e-05;5.69521e-05;5.92019e-05;6.08169e-05;6.30865e-05;6.4804e-05;6.70932e-05;6.89195e-05;7.12286e-05;7.31686e-05;7.54987e-05;7.7557e-05;7.99133e-05;8.21046e-05;8.45175e-05;8.68926e-05;8.93849e-05;0.000115057;0.00151352;0.00206155;0.00228692;0.00237374;0.00240422;0.00241391;0.0024167;0.00241743;0.0024176;0.00241764;0.00241764;0.00241764;0.00241764;0.00241764;0.00241764;0.00241764;0.00241764;0.00241764;0.00241764;0.00241764;0.00241764;0.00241764;0.00241764;0.00241764;0.00241764;0.00241764;0
0;1.40857e-06;2.75903e-06;4.22858e-06;5.52474e-06;7.05717e-06;8.30381e-06;9.90008e-06;1.11029e-05;1.27631e-05;1.39286e-05;1.56519e-05;1.67876e-05;1.85724e-05;1.96864e-05;2.15305e-05;2.26314e-05;2.4532e-05;2.56292e-05;2.75829e-05;2.86861e-05;3.06892e-05;3.18084e-05;3.3857e-05;3.50025e-05;3.70926e-05;3.82746e-05;4.0402e-05;4.16308e-05;4.37916e-05;4.50772e-05;4.72679e-05;4.862e-05;5.08374e-05;5.22652e-05;5.45065e-05;5.60189e-05;5.8282e-05;5.98872e-05;6.21707e-05;6.38761e-05;6.61794e-05;6.79918e-05;7.03152e-05;7.22401e-05;7.4584e-05;7.6625e-05;7.89897e-05;8.11514e-05;8.35497e-05;8.58689e-05;8.83881e-05;9.11644e-05;0.000929091;0.00177867;0.00217459;0.00233351;0.00239108;0.00240999;0.00241563;0.00241716;0.00241754;0.00241762;0.00241764;0.00241764;0.00241764;0.00241764;0.00241764;0.00241764;0.00241764;0.00241764;0.00241764;0.00241764;0.00241764;0.00241764;0.00241764;0.00241764;0.00241764;0.00241764;0.00241764;0
0;1.40347e-06;2.86627e-06;4.21381e-06;5.73835e-06;7.03429e-06;8.62204e-06;9.87168e-06;1.15232e-05;1.27327e-05;1.44476e-05;1.56241e-05;1.74012e-05;1.85524e-05;2.03899e-05;2.15243e-05;2.34197e-05;2.45464e-05;2.64965e-05;2.76251e-05;2.96265e-05;3.07669e-05;3.28157e-05;3.39781e-05;3.60704e-05;3.72652e-05;3.93968e-05;4.06342e-05;4.28013e-05;4.40916e-05;4.62904e-05;4.76433e-05;4.98704e-05;5.12957e-05;5.35481e-05;5.50547e-05;5.73301e-05;5.89266e-05;6.12232e-05;6.29173e-05;6.52343e-05;6.70333e-05;6.93705e-05;7.12806e-05;7.36386e-05;7.56643e-05;7.80423e-05;8.01838e-05;8.25799e-05;8.48449e-05;8.72933e-05;8.97448e-05;9.86157e-05;0.00135984;0.00198;0.00225678;0.0023645;0.00240174;0.00241331;0.00241656;0.0024174;0.00241759;0.00241763;0.00241764;0.00241764;0.00241764;0.00241764;0.00241764;0.00241764;0.00241764;0.00241764;0.00241764;0.00241764;0.00241764;0.00241764;0.00241764;0.00241764;0.00241764;0.00241764;0.00241764;0
0;1.45703e-06;2.85672e-06;4.37404e-06;5.72029e-06;7.29988e-06;8.59756e-06;1.02405e-05;1.14954e-05;1.32017e-05;1.44205e-05;1.61895e-05;1.73797e-05;1.92099e-05;2.03797e-05;2.22689e-05;2.34271e-05;2.53726e-05;2.65286e-05;2.85271e-05;2.96907e-05;3.17385e-05;3.29199e-05;3.50131e-05;3.62227e-05;3.83572e-05;3.96052e-05;4.17773e-05;4.3074e-05;4.52796e-05;4.66352e-05;4.88708e-05;5.0295e-05;5.25576e-05;5.40597e-05;5.63465e-05;5.79354e-05;6.02444e-05;6.19282e-05;6.42582e-05;6.60444e-05;6.83949e-05;7.02904e-05;7.26619e-05;7.46725e-05;7.70653e-05;7.91928e-05;8.16016e-05;8.38377e-05;8.62568e-05;8.86323e-05;9.11788e-05;0.000910564;0.00170777;0.00212961;0.00231485;0.00238496;0.00240829;0.00241522;0.00241707;0.00241752;0.00241762;0.00241764;0.00241764;0.00241764;0.00241764;0.00241764;0.00241764;0.00241764;0.00241764;0.00241764;0.00241764;0.00241764;0.00241764;0.00241764;0.00241764;0.00241764;0.00241764;0.00241764;0.00241764;0
0;1.45246e-06;2.96345e-06;4.36086e-06;5.93286e-06;7.27967e-06;8.91423e-06;1.02158e-05;1.19135e-05;1.31762e-05;1.49368e-05;1.61676e-05;1.799e-05;1.91969e-05;2.10794e-05;2.22709e-05;2.42109e-05;2.53963e-05;2.73908e-05;2.85797e-05;3.06252e-05;3.18277e-05;3.39206e-05;3.51469e-05;3.72831e-05;3.85437e-05;4.07193e-05;4.20244e-05;4.42356e-05;4.55956e-05;4.78386e-05;4.92633e-05;5.15349e-05;5.3034e-05;5.53312e-05;5.69138e-05;5.92343e-05;6.0909e-05;6.32512e-05;6.50257e-05;6.73888e-05;6.92703e-05;7.16545e-05;7.36497e-05;7.60561e-05;7.817e-05;8.05972e-05;8.28238e-05;8.52513e-05;8.75614e-05;8.99993e-05;9.54193e-05;0.00134674;0.00194733;0.00223384;0.00235416;0.00239815;0.00241228;0.00241631;0.00241734;0.00241758;0.00241763;0.00241764;0.00241764;0.00241764;0.00241764;0.00241764;0.00241764;0.00241764;0.00241764;0.00241764;0.00241764;0.00241764;0.00241764;0.00241764;0.00241764;0.00241764;0.00241764;0.00241764;0.00241764;0
0;1.50573e-06;2.95503e-06;4.52021e-06;5.91709e-06;7.54378e-06;8.89318e-06;1.05825e-05;1.18903e-05;1.36424e-05;1.49154e-05;1.67297e-05;1.79754e-05;1.98505e-05;2.10772e-05;2.30109e-05;2.42276e-05;2.62172e-05;2.74333e-05;2.94756e-05;3.07011e-05;3.27925e-05;3.40376e-05;3.61743e-05;3.74493e-05;3.96274e-05;4.09428e-05;4.31583e-05;4.45245e-05;4.67736e-05;4.82007e-05;5.04801e-05;5.19778e-05;5.42843e-05;5.58621e-05;5.81932e-05;5.98599e-05;6.22136e-05;6.39774e-05;6.63525e-05;6.82208e-05;7.06171e-05;7.25969e-05;7.50154e-05;7.71137e-05;7.95567e-05;8.17764e-05;8.42346e-05;8.65447e-05;8.8947e-05;9.11809e-05;0.000906091;0.00169929;0.00211457;0.00230383;0.00237971;0.00240639;0.00241465;0.00241693;0.00241749;0.00241761;0.00241764;0.00241764;0.00241764;0.00241764;0.00241764;0.00241764;0.00241764;0.00241764;0.00241764;0.00241764;0.00241764;0.00241764;0.00241764;0.00241764;0.00241764;0.00241764;0.00241764;0.00241764;0.00241764;0
0;1.50177e-06;3.06111e-06;4.50887e-06;6.12835e-06;7.52661e-06;9.20786e-06;1.05621e-05;1.23058e-05;1.36224e-05;1.54284e-05;1.67145e-05;1.85817e-05;1.98454e-05;2.17721e-05;2.3022e-05;2.50058e-05;2.62512e-05;2.82892e-05;2.95398e-05;3.16286e-05;3.28946e-05;3.50305e-05;3.63221e-05;3.85013e-05;3.9829e-05;4.20475e-05;4.34218e-05;4.56759e-05;4.7107e-05;4.93931e-05;5.08911e-05;5.32059e-05;5.47803e-05;5.71211e-05;5.87811e-05;6.11455e-05;6.28996e-05;6.52863e-05;6.71423e-05;6.95503e-05;7.15154e-05;7.39452e-05;7.60264e-05;7.84809e-05;8.06868e-05;8.31699e-05;8.5497e-05;8.79703e-05;9.03257e-05;9.40811e-05;0.00133927;0.00194078;0.00222657;0.00234903;0.00239566;0.00241135;0.00241603;0.00241727;0.00241756;0.00241763;0.00241764;0.00241764;0.00241764;0.00241764;0.00241764;0.00241764;0.00241764;0.00241764;0.00241764;0.00241764;0.00241764;0.00241764;0.00241764;0.00241764;0.00241764;0.00241764;0.00241764;0.00241764;0.00241764;0
0;1.55467e-06;3.05399e-06;4.66713e-06;6.11516e-06;7.78891e-06;9.19069e-06;1.09262e-05;1.22877e-05;1.40854e-05;1.54134e-05;1.72726e-05;1.85748e-05;2.04941e-05;2.1779e-05;2.37564e-05;2.50329e-05;2.70657e-05;2.83434e-05;3.04286e-05;3.17174e-05;3.38514e-05;3.51616e-05;3.73407e-05;3.86828e-05;4.09032e-05;4.22875e-05;4.45453e-05;4.59824e-05;4.8274e-05;4.97739e-05;5.20959e-05;5.36685e-05;5.60179e-05;5.76727e-05;6.0047e-05;6.17927e-05;6.41901e-05;6.60349e-05;6.84542e-05;7.04055e-05;7.28464e-05;7.4911e-05;7.73751e-05;7.95617e-05;8.20565e-05;8.43788e-05;8.69113e-05;8.93327e-05;9.15099e-05;0.0008799;0.00168333;0.00210721;0.00229953;0.00237724;0.00240524;0.00241422;0.0024168;0.00241745;0.00241761;0.00241764;0.00241764;0.00241764;0.00241764;0.00241764;0.00241764;0.00241764;0.00241764;0.00241764;0.00241764;0.00241764;0.00241764;0.00241764;0.00241764;0.00241764;0.00241764;0.00241764;0.00241764;0.00241764;0.00241764;0
0;1.5514e-06;3.15927e-06;4.65782e-06;6.32483e-06;7.77515e-06;9.50299e-06;1.09106e-05;1.27001e-05;1.40715e-05;1.59224e-05;1.72648e-05;1.91764e-05;2.04979e-05;2.24683e-05;2.37777e-05;2.58047e-05;2.71113e-05;2.9192e-05;3.05056e-05;3.26368e-05;3.39675e-05;3.61456e-05;3.75038e-05;3.9725e-05;4.11213e-05;4.33817e-05;4.48266e-05;4.71226e-05;4.86262e-05;5.09543e-05;5.25268e-05;5.48838e-05;5.65348e-05;5.89181e-05;6.06567e-05;6.30641e-05;6.48988e-05;6.73289e-05;6.92674e-05;7.17194e-05;7.37686e-05;7.62425e-05;7.84094e-05;8.09097e-05;8.32085e-05;8.57556e-05;8.82216e-05;9.08888e-05;9.40929e-05;0.00126888;0.00191116;0.00221661;0.00234551;0.00239425;0.00241079;0.00241583;0.00241721;0.00241755;0.00241763;0.00241764;0.00241764;0.00241764;0.00241764;0.00241764;0.00241764;0.00241764;0.00241764;0.00241764;0.00241764;0.00241764;0.00241764;0.00241764;0.00241764;0.00241764;0.00241764;0.00241764;0.00241764;0.00241764;0.00241764;0
0;1.60387e-06;3.15358e-06;4.8148e-06;6.31451e-06;8.0353e-06;9.49012e-06;1.12718e-05;1.26877e-05;1.45306e-05;1.59146e-05;1.78182e-05;1.9178e-05;2.11411e-05;2.24851e-05;2.45057e-05;2.5843e-05;2.79185e-05;2.92588e-05;3.13862e-05;3.27395e-05;3.49154e-05;3.62919e-05;3.85127e-05;3.9923e-05;4.21849e-05;4.36394e-05;4.59387e-05;4.74479e-05;4.9781e-05;5.1355e-05;5.37187e-05;5.53675e-05;5.77587e-05;5.94916e-05;6.19082e-05;6.3734e-05;6.61742e-05;6.81011e-05;7.05638e-05;7.2599e-05;7.50835e-05;7.72328e-05;7.97397e-05;8.20117e-05;8.45533e-05;8.69797e-05;8.96067e-05;9.22095e-05;0.00011802;0.00151469;0.002062;0.00228707;0.00237378;0.00240423;0.00241392;0.0024167;0.00241743;0.0024176;0.00241764;0.00241764;0.00241764;0.00241764;0.00241764;0.00241764;0.00241764;0.00241764;0.00241764;0.00241764;0.00241764;0.00241764;0.00241764;0.00241764;0.00241764;0.00241764;0.00241764;0.00241764;0.00241764;0.00241764;0.00241764;0
0;1.60135e-06;3.25794e-06;4.80775e-06;6.52235e-06;8.02529e-06;9.79967e-06;1.12614e-05;1.30964e-05;1.45234e-05;1.6419e-05;1.78186e-05;1.97741e-05;2.11544e-05;2.31681e-05;2.4538e-05;2.66076e-05;2.79765e-05;3.00993e-05;3.14771e-05;3.36499e-05;3.50467e-05;3.72661e-05;3.86922e-05;4.09545e-05;4.24207e-05;4.47221e-05;4.62388e-05;4.85758e-05;5.01532e-05;5.25224e-05;5.41706e-05;5.6569e-05;5.82976e-05;6.07226e-05;6.25408e-05;6.49903e-05;6.69067e-05;6.93795e-05;7.14016e-05;7.38968e-05;7.60309e-05;7.85474e-05;8.07979e-05;8.33372e-05;8.5719e-05;8.83165e-05;9.09171e-05;9.38766e-05;0.000930914;0.00177944;0.00217487;0.0023336;0.00239111;0.00241;0.00241563;0.00241716;0.00241754;0.00241762;0.00241764;0.00241764;0.00241764;0.00241764;0.00241764;0.00241764;0.00241764;0.00241764;0.00241764;0.00241764;0.00241764;0.00241764;0.00241764;0.00241764;0.00241764;0.00241764;0.00241764;0.00241764;0.00241764;0.00241764;0.00241764;0
0;1.65333e-06;3.25382e-06;4.96327e-06;6.51515e-06;8.28301e-06;9.79148e-06;1.16191e-05;1.30903e-05;1.49781e-05;1.6419e-05;1.83667e-05;1.9785e-05;2.17914e-05;2.31956e-05;2.52588e-05;2.66581e-05;2.87757e-05;3.01798e-05;3.23487e-05;3.37676e-05;3.59847e-05;3.74288e-05;3.96904e-05;4.11701e-05;4.34727e-05;4.49986e-05;4.73385e-05;4.89211e-05;5.12948e-05;5.29442e-05;5.53487e-05;5.70747e-05;5.95071e-05;6.13191e-05;6.37772e-05;6.56842e-05;6.81664e-05;7.01763e-05;7.26818e-05;7.48019e-05;7.73296e-05;7.95639e-05;8.21103e-05;8.446e-05;8.70303e-05;8.95311e-05;9.21873e-05;0.000101192;0.00136105;0.00198049;0.00225695;0.00236456;0.00240176;0.00241331;0.00241657;0.0024174;0.00241759;0.00241763;0.00241764;0.00241764;0.00241764;0.00241764;0.00241764;0.00241764;0.00241764;0.00241764;0.00241764;0.00241764;0.00241764;0.00241764;0.00241764;0.00241764;0.00241764;0.00241764;0.00241764;0.00241764;0.00241764;0.00241764;0.00241764;0
0;1.65162e-06;3.35716e-06;4.95865e-06;6.72093e-06;8.27706e-06;1.00979e-05;1.16144e-05;1.34948e-05;1.49782e-05;1.69183e-05;1.8376e-05;2.03749e-05;2.18151e-05;2.38715e-05;2.5303e-05;2.74147e-05;2.8847e-05;3.10113e-05;3.24543e-05;3.46682e-05;3.61321e-05;3.83921e-05;3.98874e-05;4.21901e-05;4.37273e-05;4.6069e-05;4.76586e-05;5.00358e-05;5.16881e-05;5.40977e-05;5.58227e-05;5.82616e-05;6.00691e-05;6.25349e-05;6.44337e-05;6.69246e-05;6.89235e-05;7.14384e-05;7.3545e-05;7.60835e-05;7.8304e-05;8.08632e-05;8.3196e-05;8.57648e-05;8.82064e-05;9.08141e-05;9.34801e-05;0.00091215;0.00170852;0.0021299;0.00231494;0.00238499;0.0024083;0.00241522;0.00241707;0.00241752;0.00241762;0.00241764;0.00241764;0.00241764;0.00241764;0.00241764;0.00241764;0.00241764;0.00241764;0.00241764;0.00241764;0.00241764;0.00241764;0.00241764;0.00241764;0.00241764;0.00241764;0.00241764;0.00241764;0.00241764;0.00241764;0.00241764;0.00241764;0
0;1.70306e-06;3.35472e-06;5.11254e-06;6.7171e-06;8.53207e-06;1.00948e-05;1.19684e-05;1.34954e-05;1.54281e-05;1.69266e-05;1.89181e-05;2.03958e-05;2.24451e-05;2.39105e-05;2.60159e-05;2.74782e-05;2.96373e-05;3.11062e-05;3.33161e-05;3.48018e-05;3.70594e-05;3.85722e-05;4.0874e-05;4.24243e-05;4.47669e-05;4.63654e-05;4.87451e-05;5.04022e-05;5.28158e-05;5.45416e-05;5.69862e-05;5.87905e-05;6.12632e-05;6.31554e-05;6.56543e-05;6.76432e-05;7.01668e-05;7.22606e-05;7.48086e-05;7.70151e-05;7.95871e-05;8.19094e-05;8.44958e-05;8.69162e-05;8.94857e-05;9.20166e-05;9.76015e-05;0.00134779;0.00194779;0.00223401;0.00235421;0.00239817;0.00241228;0.00241631;0.00241734;0.00241758;0.00241763;0.00241764;0.00241764;0.00241764;0.00241764;0.00241764;0.00241764;0.00241764;0.00241764;0.00241764;0.00241764;0.00241764;0.00241764;0.00241764;0.00241764;0.00241764;0.00241764;0.00241764;0.00241764;0.00241764;0.00241764;0.00241764;0.00241764;0
0;1.70222e-06;3.45691e-06;5.11054e-06;6.92061e-06;8.53046e-06;1.03979e-05;1.19697e-05;1.38955e-05;1.54359e-05;1.74203e-05;1.89368e-05;2.0979e-05;2.24799e-05;2.45787e-05;2.60728e-05;2.82261e-05;2.97228e-05;3.19281e-05;3.34374e-05;3.56917e-05;3.72239e-05;3.9524e-05;4.10894e-05;4.34319e-05;4.50412e-05;4.74225e-05;4.90861e-05;5.1503e-05;5.32312e-05;5.56804e-05;5.74833e-05;5.99621e-05;6.18492e-05;6.43553e-05;6.63356e-05;6.88673e-05;7.09493e-05;7.35058e-05;7.56978e-05;7.82799e-05;8.05897e-05;8.31961e-05;8.56181e-05;8.8215e-05;9.06798e-05;9.31004e-05;0.000907427;0.00169994;0.00211484;0.00230392;0.00237974;0.0024064;0.00241465;0.00241693;0.00241749;0.00241761;0.00241764;0.00241764;0.00241764;0.00241764;0.00241764;0.00241764;0.00241764;0.00241764;0.00241764;0.00241764;0.00241764;0.00241764;0.00241764;0.00241764;0.00241764;0.00241764;0.00241764;0.00241764;0.00241764;0.00241764;0.00241764;0.00241764;0.00241764;0
3.95253e-322;1.75307e-06;3.45627e-06;5.26265e-06;6.92036e-06;8.78251e-06;1.04001e-05;1.23195e-05;1.39032e-05;1.58806e-05;1.74374e-05;1.94726e-05;2.10104e-05;2.31024e-05;2.46299e-05;2.67771e-05;2.83034e-05;3.05035e-05;3.20383e-05;3.42887e-05;3.58422e-05;3.81397e-05;3.97222e-05;4.20636e-05;4.36856e-05;4.60676e-05;4.77396e-05;5.01587e-05;5.18912e-05;5.43443e-05;5.61473e-05;5.86314e-05;6.05149e-05;6.30276e-05;6.50007e-05;6.75399e-05;6.96113e-05;7.21758e-05;7.43539e-05;7.69439e-05;7.92379e-05;8.18568e-05;8.42751e-05;8.69161e-05;8.94226e-05;9.19912e-05;9.58716e-05;0.00134014;0.00194117;0.00222672;0.00234908;0.00239567;0.00241135;0.00241603;0.00241727;0.00241756;0.00241763;0.00241764;0.00241764;0.00241764;0.00241764;0.00241764;0.00241764;0.00241764;0.00241764;0.00241764;0.00241764;0.00241764;0.00241764;0.00241764;0.00241764;0.00241764;0.00241764;0.00241764;0.00241764;0.00241764;0.00241764;0.00241764;0.00241764;0.00241764;0
0;1.75316e-06;3.55724e-06;5.26341e-06;7.12141e-06;8.7855e-06;1.06995e-05;1.23273e-05;1.42983e-05;1.58966e-05;1.7925e-05;1.95012e-05;2.15865e-05;2.31489e-05;2.52898e-05;2.68473e-05;2.90418e-05;3.06039e-05;3.28498e-05;3.44264e-05;3.67207e-05;3.83221e-05;4.06618e-05;4.22984e-05;4.46801e-05;4.63625e-05;4.87829e-05;5.05215e-05;5.29774e-05;5.47825e-05;5.72709e-05;5.91524e-05;6.16708e-05;6.36382e-05;6.61843e-05;6.82466e-05;7.08187e-05;7.29842e-05;7.55816e-05;7.78589e-05;8.04843e-05;8.28863e-05;8.55493e-05;8.80862e-05;9.07482e-05;9.30289e-05;0.000881003;0.00168388;0.00210743;0.00229961;0.00237726;0.00240525;0.00241423;0.0024168;0.00241745;0.00241761;0.00241764;0.00241764;0.00241764;0.00241764;0.00241764;0.00241764;0.00241764;0.00241764;0.00241764;0.00241764;0.00241764;0.00241764;0.00241764;0.00241764;0.00241764;0.00241764;0.00241764;0.00241764;0.00241764;0.00241764;0.00241764;0.00241764;0.00241764;0.00241764;0
0;1.80337e-06;3.55849e-06;5.41361e-06;7.12494e-06;9.03438e-06;1.07073e-05;1.26727e-05;1.43135e-05;1.63356e-05;1.79515e-05;2.00302e-05;2.16289e-05;2.37634e-05;2.53537e-05;2.75425e-05;2.91336e-05;3.13745e-05;3.29761e-05;3.52665e-05;3.68887e-05;3.92258e-05;4.0879e-05;4.32596e-05;4.49542e-05;4.73751e-05;4.91216e-05;5.15795e-05;5.33883e-05;5.58803e-05;5.77615e-05;6.02848e-05;6.22482e-05;6.48003e-05;6.6855e-05;6.94342e-05;7.15888e-05;7.41936e-05;7.64558e-05;7.90864e-05;8.14669e-05;8.41328e-05;8.66562e-05;8.93895e-05;9.21307e-05;9.55061e-05;0.00126962;0.0019115;0.00221674;0.00234555;0.00239426;0.0024108;0.00241583;0.00241721;0.00241755;0.00241763;0.00241764;0.00241764;0.00241764;0.00241764;0.00241764;0.00241764;0.00241764;0.00241764;0.00241764;0.00241764;0.00241764;0.00241764;0.00241764;0.00241764;0.00241764;0.00241764;0.00241764;0.00241764;0.00241764;0.00241764;0.00241764;0.00241764;0.00241764;0.00241764;0
0;1.80442e-06;3.65813e-06;5.41728e-06;7.32336e-06;9.0422e-06;1.10028e-05;1.26872e-05;1.47035e-05;1.63602e-05;1.84327e-05;2.00692e-05;2.21974e-05;2.38221e-05;2.60048e-05;2.76266e-05;2.98621e-05;3.14904e-05;3.37766e-05;3.54214e-05;3.77553e-05;3.94268e-05;4.18057e-05;4.35143e-05;4.59349e-05;4.76912e-05;5.01504e-05;5.19647e-05;5.44594e-05;5.63421e-05;5.88694e-05;6.08303e-05;6.33878e-05;6.54363e-05;6.8022e-05;7.01671e-05;7.27793e-05;7.50286e-05;7.76658e-05;8.00268e-05;8.26918e-05;8.51821e-05;8.79024e-05;9.05757e-05;9.33711e-05;0.000119302;0.00151521;0.00206221;0.00228715;0.00237381;0.00240424;0.00241392;0.0024167;0.00241743;0.0024176;0.00241764;0.00241764;0.00241764;0.00241764;0.00241764;0.00241764;0.00241764;0.00241764;0.00241764;0.00241764;0.00241764;0.00241764;0.00241764;0.00241764;0.00241764;0.00241764;0.00241764;0.00241764;0.00241764;0.00241764;0.00241764;0.00241764;0.00241764;0.00241764;0.00241764;0
0;1.85395e-06;3.66137e-06;5.56544e-06;7.33085e-06;9.2877e-06;1.10165e-05;1.30279e-05;1.47265e-05;1.67932e-05;1.84688e-05;2.05909e-05;2.22514e-05;2.44281e-05;2.60821e-05;2.83122e-05;2.99689e-05;3.22503e-05;3.39195e-05;3.62497e-05;3.79415e-05;4.03179e-05;4.20425e-05;4.4462e-05;4.62299e-05;4.86895e-05;5.05113e-05;5.30078e-05;5.48937e-05;5.74243e-05;5.93843e-05;6.19465e-05;6.39904e-05;6.65818e-05;6.87188e-05;7.13379e-05;7.35761e-05;7.6221e-05;7.85669e-05;8.12354e-05;8.36965e-05;8.63988e-05;8.90148e-05;9.18353e-05;9.49084e-05;0.000931672;0.00177978;0.00217499;0.00233364;0.00239112;0.00241;0.00241563;0.00241716;0.00241754;0.00241762;0.00241764;0.00241764;0.00241764;0.00241764;0.00241764;0.00241764;0.00241764;0.00241764;0.00241764;0.00241764;0.00241764;0.00241764;0.00241764;0.00241764;0.00241764;0.00241764;0.00241764;0.00241764;0.00241764;0.00241764;0.00241764;0.00241764;0.00241764;0.00241764;0.00241764;0
0;1.85602e-06;3.75962e-06;5.57215e-06;7.52649e-06;9.30055e-06;1.13079e-05;1.30494e-05;1.5111e-05;1.68268e-05;1.89432e-05;2.06408e-05;2.28118e-05;2.44994e-05;2.67239e-05;2.84107e-05;3.06871e-05;3.23824e-05;3.47085e-05;3.64223e-05;3.87956e-05;4.05381e-05;4.29558e-05;4.47373e-05;4.71965e-05;4.90275e-05;5.15251e-05;5.3416e-05;5.59492e-05;5.79101e-05;6.04761e-05;6.25169e-05;6.51135e-05;6.72437e-05;6.98689e-05;7.20973e-05;7.47498e-05;7.70836e-05;7.97602e-05;8.22024e-05;8.48987e-05;8.74599e-05;9.02074e-05;9.29534e-05;0.000102112;0.00136152;0.0019807;0.00225702;0.00236458;0.00240176;0.00241332;0.00241657;0.0024174;0.00241759;0.00241763;0.00241764;0.00241764;0.00241764;0.00241764;0.00241764;0.00241764;0.00241764;0.00241764;0.00241764;0.00241764;0.00241764;0.00241764;0.00241764;0.00241764;0.00241764;0.00241764;0.00241764;0.00241764;0.00241764;0.00241764;0.00241764;0.00241764;0.00241764;0.00241764;0.00241764;0
0;1.90483e-06;3.76491e-06;5.71817e-06;7.53808e-06;9.5425e-06;1.13278e-05;1.33852e-05;1.51421e-05;1.72535e-05;1.89894e-05;2.11549e-05;2.28777e-05;2.50967e-05;2.6815e-05;2.90863e-05;3.08093e-05;3.31311e-05;3.48686e-05;3.72385e-05;3.90005e-05;4.1416e-05;4.32128e-05;4.5671e-05;4.75131e-05;5.00111e-05;5.19087e-05;5.44437e-05;5.64072e-05;5.89763e-05;6.10158e-05;6.36167e-05;6.57416e-05;6.83724e-05;7.0592e-05;7.32512e-05;7.5574e-05;7.82598e-05;8.06903e-05;8.3395e-05;8.59278e-05;8.86431e-05;9.13118e-05;9.41522e-05;0.000912685;0.0017088;0.00213002;0.00231498;0.002385;0.0024083;0.00241522;0.00241707;0.00241752;0.00241762;0.00241764;0.00241764;0.00241764;0.00241764;0.00241764;0.00241764;0.00241764;0.00241764;0.00241764;0.00241764;0.00241764;0.00241764;0.00241764;0.00241764;0.00241764;0.00241764;0.00241764;0.00241764;0.00241764;0.00241764;0.00241764;0.00241764;0.00241764;0.00241764;0.00241764;0.00241764;0
0;1.90795e-06;3.8617e-06;5.728e-06;7.73081e-06;9.56055e-06;1.16147e-05;1.34139e-05;1.55209e-05;1.72963e-05;1.94568e-05;2.1216e-05;2.34297e-05;2.5181e-05;2.74472e-05;2.91996e-05;3.15167e-05;3.32797e-05;3.56458e-05;3.74292e-05;3.98418e-05;4.16558e-05;4.41124e-05;4.59674e-05;4.84651e-05;5.03714e-05;5.29074e-05;5.48754e-05;5.74469e-05;5.94866e-05;6.20912e-05;6.42125e-05;6.6848e-05;6.90602e-05;7.17252e-05;7.40374e-05;7.67311e-05;7.91511e-05;8.18697e-05;8.43942e-05;8.71148e-05;8.97176e-05;9.24474e-05;9.81552e-05;0.00134811;0.00194795;0.00223408;0.00235423;0.00239817;0.00241228;0.00241631;0.00241734;0.00241758;0.00241763;0.00241764;0.00241764;0.00241764;0.00241764;0.00241764;0.00241764;0.00241764;0.00241764;0.00241764;0.00241764;0.00241764;0.00241764;0.00241764;0.00241764;0.00241764;0.00241764;0.00241764;0.00241764;0.00241764;0.00241764;0.00241764;0.00241764;0.00241764;0.00241764;0.00241764;0.00241764;0
0;1.95602e-06;3.86912e-06;5.8718e-06;7.74664e-06;9.79881e-06;1.1641e-05;1.37445e-05;1.55604e-05;1.77165e-05;1.95133e-05;2.17222e-05;2.35079e-05;2.57691e-05;2.75524e-05;2.98649e-05;3.16549e-05;3.40169e-05;3.58234e-05;3.82329e-05;4.00658e-05;4.25203e-05;4.439e-05;4.68868e-05;4.88035e-05;5.13399e-05;5.33141e-05;5.58873e-05;5.79291e-05;6.05367e-05;6.2656e-05;6.52957e-05;6.7502e-05;7.0172e-05;7.24746e-05;7.51742e-05;7.75826e-05;8.0312e-05;8.28319e-05;8.55796e-05;8.81828e-05;9.0875e-05;9.33981e-05;0.000907732;0.00170012;0.00211493;0.00230395;0.00237975;0.0024064;0.00241465;0.00241693;0.00241749;0.00241761;0.00241764;0.00241764;0.00241764;0.00241764;0.00241764;0.00241764;0.00241764;0.00241764;0.00241764;0.00241764;0.00241764;0.00241764;0.00241764;0.00241764;0.00241764;0.00241764;0.00241764;0.00241764;0.00241764;0.00241764;0.00241764;0.00241764;0.00241764;0.00241764;0.00241764;0.00241764;0.00241764;0
0;1.96021e-06;3.96439e-06;5.88486e-06;7.93635e-06;9.82221e-06;1.19234e-05;1.37807e-05;1.59332e-05;1.77688e-05;1.99733e-05;2.17947e-05;2.40513e-05;2.58669e-05;2.81747e-05;2.99934e-05;3.23512e-05;3.41825e-05;3.65885e-05;3.84421e-05;4.0894e-05;4.27802e-05;4.52756e-05;4.72046e-05;4.97407e-05;5.17229e-05;5.42973e-05;5.63429e-05;5.89528e-05;6.10718e-05;6.3715e-05;6.59171e-05;6.85916e-05;7.0886e-05;7.35906e-05;7.59868e-05;7.87226e-05;8.12318e-05;8.40003e-05;8.66219e-05;8.93823e-05;9.20263e-05;9.60675e-05;0.00134031;0.00194127;0.00222677;0.0023491;0.00239568;0.00241135;0.00241603;0.00241727;0.00241756;0.00241763;0.00241764;0.00241764;0.00241764;0.00241764;0.00241764;0.00241764;0.00241764;0.00241764;0.00241764;0.00241764;0.00241764;0.00241764;0.00241764;0.00241764;0.00241764;0.00241764;0.00241764;0.00241764;0.00241764;0.00241764;0.00241764;0.00241764;0.00241764;0.00241764;0.00241764;0.00241764;0.00241764;0
0;2.00751e-06;3.97399e-06;6.02634e-06;7.95652e-06;1.00566e-05;1.19561e-05;1.41061e-05;1.59813e-05;1.81822e-05;2.00405e-05;2.22929e-05;2.41421e-05;2.64456e-05;2.82944e-05;3.0648e-05;3.25056e-05;3.49079e-05;3.6784e-05;3.9233e-05;4.11375e-05;4.36309e-05;4.5574e-05;4.81094e-05;5.01014e-05;5.26762e-05;5.47274e-05;5.7339e-05;5.94594e-05;6.21056e-05;6.43051e-05;6.69837e-05;6.92715e-05;7.19808e-05;7.43661e-05;7.71059e-05;7.95999e-05;8.23757e-05;8.49948e-05;8.78114e-05;9.05218e-05;9.29838e-05;0.000881078;0.00168396;0.00210748;0.00229963;0.00237727;0.00240525;0.00241423;0.0024168;0.00241745;0.00241761;0.00241764;0.00241764;0.00241764;0.00241764;0.00241764;0.00241764;0.00241764;0.00241764;0.00241764;0.00241764;0.00241764;0.00241764;0.00241764;0.00241764;0.00241764;0.00241764;0.00241764;0.00241764;0.00241764;0.00241764;0.00241764;0.00241764;0.00241764;0.00241764;0.00241764;0.00241764;0.00241764;0.00241764;0
0;2.0128e-06;4.0677e-06;6.0427e-06;8.14313e-06;1.00855e-05;1.2234e-05;1.41498e-05;1.6348e-05;1.82442e-05;2.0493e-05;2.23771e-05;2.46766e-05;2.65569e-05;2.89065e-05;3.0792e-05;3.31906e-05;3.50907e-05;3.75366e-05;3.94611e-05;4.19523e-05;4.39112e-05;4.64454e-05;4.84489e-05;5.10236e-05;5.30821e-05;5.56949e-05;5.78185e-05;6.0467e-05;6.26656e-05;6.53477e-05;6.76308e-05;7.03445e-05;7.27209e-05;7.54648e-05;7.7944e-05;8.07207e-05;8.33194e-05;8.61472e-05;8.89035e-05;9.18532e-05;9.53409e-05;0.00126962;0.00191153;0.00221676;0.00234556;0.00239427;0.0024108;0.00241583;0.00241721;0.00241755;0.00241763;0.00241764;0.00241764;0.00241764;0.00241764;0.00241764;0.00241764;0.00241764;0.00241764;0.00241764;0.00241764;0.00241764;0.00241764;0.00241764;0.00241764;0.00241764;0.00241764;0.00241764;0.00241764;0.00241764;0.00241764;0.00241764;0.00241764;0.00241764;0.00241764;0.00241764;0.00241764;0.00241764;0.00241764;0
0;2.05931e-06;4.07952e-06;6.18182e-06;8.16772e-06;1.0316e-05;1.22733e-05;1.44698e-05;1.64048e-05;1.86508e-05;2.05709e-05;2.28669e-05;2.47801e-05;2.7126e-05;2.90409e-05;3.14358e-05;3.33615e-05;3.58042e-05;3.77503e-05;4.0239e-05;4.22154e-05;4.4748e-05;4.67649e-05;4.93391e-05;5.14067e-05;5.40201e-05;5.61486e-05;5.87988e-05;6.09982e-05;6.36832e-05;6.59631e-05;6.8681e-05;7.10505e-05;7.37992e-05;7.62664e-05;7.90448e-05;8.16208e-05;8.44393e-05;8.71582e-05;9.00653e-05;9.2952e-05;0.000119036;0.00151517;0.00206221;0.00228715;0.00237381;0.00240424;0.00241392;0.0024167;0.00241743;0.0024176;0.00241764;0.00241764;0.00241764;0.00241764;0.00241764;0.00241764;0.00241764;0.00241764;0.00241764;0.00241764;0.00241764;0.00241764;0.00241764;0.00241764;0.00241764;0.00241764;0.00241764;0.00241764;0.00241764;0.00241764;0.00241764;0.00241764;0.00241764;0.00241764;0.00241764;0.00241764;0.00241764;0.00241764;0.00241764;0
0;2.06572e-06;4.17163e-06;6.20152e-06;8.35115e-06;1.03505e-05;1.25464e-05;1.45212e-05;1.67653e-05;1.87225e-05;2.10157e-05;2.2963e-05;2.53056e-05;2.72512e-05;2.96427e-05;3.15955e-05;3.4035e-05;3.60044e-05;3.84904e-05;4.04861e-05;4.30167e-05;4.50487e-05;4.76219e-05;4.97004e-05;5.23139e-05;5.4449e-05;5.71006e-05;5.93024e-05;6.19898e-05;6.42681e-05;6.69895e-05;6.93538e-05;7.21073e-05;7.45657e-05;7.73486e-05;7.99078e-05;8.27199e-05;8.53975e-05;8.82722e-05;9.11581e-05;9.43969e-05;0.000931459;0.00177972;0.00217499;0.00233365;0.00239112;0.00241;0.00241563;0.00241716;0.00241754;0.00241762;0.00241764;0.00241764;0.00241764;0.00241764;0.00241764;0.00241764;0.00241764;0.00241764;0.00241764;0.00241764;0.00241764;0.00241764;0.00241764;0.00241764;0.00241764;0.00241764;0.00241764;0.00241764;0.00241764;0.00241764;0.00241764;0.00241764;0.00241764;0.00241764;0.00241764;0.00241764;0.00241764;0.00241764;0.00241764;0
0;2.11142e-06;4.1857e-06;6.33824e-06;8.38022e-06;1.0577e-05;1.25924e-05;1.48356e-05;1.68309e-05;1.91221e-05;2.11046e-05;2.34444e-05;2.5422e-05;2.78105e-05;2.97918e-05;3.22283e-05;3.42225e-05;3.67057e-05;3.87223e-05;4.12509e-05;4.32997e-05;4.58716e-05;4.79627e-05;5.05759e-05;5.27194e-05;5.53717e-05;5.75777e-05;6.02669e-05;6.25454e-05;6.52697e-05;6.76302e-05;7.03879e-05;7.28394e-05;7.56283e-05;7.8177e-05;8.09918e-05;8.36413e-05;8.64855e-05;8.9274e-05;9.22074e-05;0.000101491;0.00136133;0.00198065;0.00225701;0.00236458;0.00240176;0.00241332;0.00241657;0.0024174;0.00241759;0.00241763;0.00241764;0.00241764;0.00241764;0.00241764;0.00241764;0.00241764;0.00241764;0.00241764;0.00241764;0.00241764;0.00241764;0.00241764;0.00241764;0.00241764;0.00241764;0.00241764;0.00241764;0.00241764;0.00241764;0.00241764;0.00241764;0.00241764;0.00241764;0.00241764;0.00241764;0.00241764;0.00241764;0.00241764;0.00241764;0
0;0;0;0;0;0;0;0;0;0;0;0;0;0;0;0;0;0;0;0;0;0;0;0;0;0;0;0;0;0;0;0;0;0;0;0;0;0;0;0;0;0;0;0;0;0;0;0;0;0;0;0;0;0;0;0;0;0;0;0;0;0;0;0;0;0;0;0;0;0;0;0;0;0;0;0;0;0;0;0;0
